No.,id,Address,飲水機數量(台),備註,indoor,level,repeat_on,opening_hours,operator,行政區,Address2,Response_Address,Response_X,Response_Y,Similarity,精確程度,Check2
1,1,臺中市豐原區中興路136號,1,(1樓服務台),yes,1,,,臺中市政府衛生局,豐原區,臺中市豐原區中興路136號,臺中市豐原區西勢里5鄰中興路136號,120.71402,24.248292,0.9250,OK,1
2,2,臺中市梧棲區中興路212號,2,(1樓、2樓辦公室各1台),yes,,1-2,,臺中市梧棲區戶政事務所,梧棲區,臺中市梧棲區中興路212號,臺中市梧棲區中正里24鄰中興路212號,120.533898,24.25495,0.9308,OK,1
3,3,臺中市西屯區臺灣大道三段99號,1,文心樓10樓,yes,10,,,臺中市政府法制局,西屯區,臺中市西屯區臺灣大道三段99號,臺中市西屯區惠來里3鄰臺灣大道三段99號,120.647297,24.161989,0.9417,OK,1
4,4,臺中市豐原區陽明街36號,1,2樓,yes,2,,,臺中市政府法制局,豐原區,臺中市豐原區陽明街36號,臺中市豐原區陽明里7鄰陽明街20號,120.720034,24.24723,0.6273,,1
5,5,臺中市烏日區高鐵路一段170號,1,,,,,,臺中市烏日區戶政事務所,烏日區,臺中市烏日區高鐵路一段170號,臺中市烏日區三和里13鄰高鐵路一段170號,120.603323,24.108359,0.9438,OK,1
6,6,臺中市豐原區陽明街36號,3,5樓,yes,5,,,臺中市政府農業局,豐原區,臺中市豐原區陽明街36號,臺中市豐原區陽明里7鄰陽明街20號,120.720034,24.24723,0.6273,,0
7,7,臺中市南屯區萬和路一段28-18號,1,,,,,,臺中市動物保護防疫處,南屯區,臺中市南屯區萬和路一段28-18號,臺中市南屯區豐樂里3鄰萬和路一段28之18號,120.637625,24.13339,0.9150,OK,1
8,8,臺中市清水區北堤路3號,1,,,,,,臺中市海岸資源漁業發展所,清水區,臺中市清水區北堤路3號,臺中市清水區海濱里15鄰北堤路3號,120.523866,24.292276,0.9185,OK,1
9,9,臺中市外埔區六分路352號,1,,,,,,臺中市外埔區戶政事務所,外埔區,臺中市外埔區六分路352號,臺中市外埔區大同里1鄰六分路352號,120.6553,24.332276,0.9465,OK,1
10,10,臺中市東區東勢里福明街118號,1,,,,,,東勢子段四里多功能學苑,東區,臺中市東區東勢里福明街118號,臺中市東區東勢里24鄰福明街118號,120.693726,24.146429,0.9655,OK,1
11,11,臺中市東區信義街142-1號,1,,,,,,振興里活動中心,東區,臺中市東區信義街142-1號,臺中市東區振興里5鄰信義街142之1號,120.687798,24.13337,0.9250,OK,1
12,12,臺中市東區長福路245號,1,,,,,,東區里民活動中心(東區區公所),東區,臺中市東區長福路245號,臺中市東區東信里2鄰長福路245號,120.703798,24.136513,0.9063,OK,1
13,13,臺中市豐原區陽明街36號,3,陽明大樓6樓,yes,6,,,臺中市政府水利局,豐原區,臺中市豐原區陽明街36號,臺中市豐原區陽明里7鄰陽明街20號,120.720034,24.24723,0.6273,,0
14,14,臺中市后里區公安路90號,1,,,,,,臺中市后里區戶政事務所,后里區,臺中市后里區公安路90號,臺中市后里區墩西里3鄰公安路90號,120.709996,24.305393,0.9161,OK,1
15,15,臺中市北區永興街299號,2,,,,,,臺中市北區戶政事務所,北區,臺中市北區永興街299號,臺中市北區賴厝里1鄰永興街299號,120.682185,24.165929,0.9250,OK,1
16,16,臺中市西屯區臺灣大道3段99號,2,文心樓7樓,yes,7,,,臺中市政府主計處,西屯區,臺中市西屯區臺灣大道三段99號,臺中市西屯區惠來里3鄰臺灣大道三段99號,120.647297,24.161989,0.7034,OK,0
17,17,臺中市太平區大源路2之18號,1,,,,,,臺中市太平區戶政事務所,太平區,臺中市太平區大源路2之18號,臺中市太平區中山里15鄰大源路2之18號,120.725574,24.146795,0.9429,OK,1
18,18,臺中市北屯區崇德路3段10號,7,,,,,,臺中市北屯區公所,北屯區,臺中市北屯區崇德路3段10號,臺中市北屯區仁和里7鄰崇德路三段10號,120.686671,24.182692,0.6968,OK,1
19,19,臺中市石岡區明德路18號,1,,,,,,臺中市石岡區戶政事務所,石岡區,臺中市石岡區明德路18號,臺中市石岡區九房里1鄰明德路18號,120.78094,24.274521,0.9097,OK,1
20,20,臺中市和平區南勢里巴新街8號,1,,,,,,和平區戶政事務所,和平區,臺中市和平區南勢里巴新街8號,臺中市和平區南勢里10鄰巴新街8號,120.883108,24.176079,0.9742,OK,1
21,21,臺中市東勢區豐勢路516號,1,,,,,,臺中市東勢區戶政事務所  ,東勢區,臺中市東勢區豐勢路516號,臺中市東勢區北興里2鄰豐勢路516號,120.827942,24.258545,0.9280,OK,1
22,22,臺中市西屯區台灣大道三段99號,1,文心樓9樓,yes,9,,,臺中市政府政風處,西屯區,臺中市西屯區臺灣大道三段99號,臺中市西屯區惠來里3鄰臺灣大道三段99號,120.647297,24.161989,0.6860,OK,0
23,23,臺中市烏日區長樂街136號,1,,,,,,臺中市烏日區衛生所,烏日區,臺中市烏日區長樂街136號,臺中市烏日區烏日里24鄰長樂街22號,120.626172,24.104891,0.6542,,1
24,24,臺中市豐原區中興路136號,1,,,,,,臺中市豐原區衛生所,豐原區,臺中市豐原區中興路136號,臺中市豐原區西勢里5鄰中興路136號,120.71402,24.248292,0.9250,OK,0
25,25,臺中市西屯區臺灣大道三段99號,1,惠中樓7樓,yes,7,,,臺中市政府人事處,西屯區,臺中市西屯區臺灣大道三段99號,臺中市西屯區惠來里3鄰臺灣大道三段99號,120.647297,24.161989,0.9417,OK,0
26,26,臺中市后里區公安路84號,3,,,,,,臺中市后里區公所,后里區,臺中市后里區公安路84號,臺中市后里區墩西里3鄰公安路84號,120.710781,24.305076,0.9161,OK,1
27,27,臺中市西區民權路105號,1,1樓門診大廳,yes,1,,,臺中市中西區衛生所,西區,臺中市西區民權路101號,臺中市西區三民里1鄰民權路101號,120.677259,24.13943,0.8920,medium,0
28,28,台中市東區三賢街245號,1,,,,,,臺中市家庭教育中心,東區,台中市東區三賢街245號,臺中市東區東英里19鄰三賢街245號,120.707736,24.146824,0.6960,OK,1
29,29,臺中市西區民權路101號,1,,,,,,臺中市停車管理處,西區,臺中市西區民權路101號,臺中市西區三民里1鄰民權路101號,120.677259,24.13943,0.9300,OK,1
30,30,臺中市神岡區神岡路30號,1,大廳,,,,,神岡區公所,神岡區,臺中市神岡區神岡路30號,臺中市神岡區神岡里14鄰神岡路30號,120.661385,24.257919,0.9280,OK,1
31,31,臺中市大雅區中清東路232號,1,,,,,,臺中市大雅區衛生所,大雅區,臺中市大雅區中清東路232號,臺中市大雅區大雅里14鄰中清東路232號,120.646825,24.224943,0.9561,OK,1
32,32,臺中市梧棲區雲集街70巷3號,1,,,,,,臺中市梧棲區衛生所,梧棲區,臺中市梧棲區雲集街70巷3號,臺中市梧棲區中正里33鄰雲集街70巷3號,120.532005,24.254838,0.9459,OK,1
33,33,臺中市西區民權路101號,1,4樓,yes,4,,,臺中市捷運工程處,西區,臺中市西區民權路101號,臺中市西區三民里1鄰民權路101號,120.677259,24.13943,0.9300,OK,0
34,34,臺中市龍井區沙田路4段243號,2,,,,,,臺中市龍井區衛生所,龍井區,臺中市龍井區沙田路4段243號,臺中市龍井區竹坑里1鄰沙田路四段243號,120.545681,24.19158,0.7153,OK,1
35,35,臺中市后里區公安路86號,1,,,,,,臺中市后里區衛生所,后里區,臺中市后里區公安路86號,臺中市后里區墩西里3鄰公安路86號,120.710357,24.305175,0.9161,OK,1
36,36,臺中市清水區清水里中山路92號,1,,,,,,臺中市清水區衛生所,清水區,臺中市清水區清水里中山路92號,臺中市清水區清水里9鄰中山路92號,120.574671,24.26657,0.9615,OK,1
37,37,臺中市東區和平街61號,2,服務台及哺集乳室,yes,,,,臺中市東區戶政事務所,東區,臺中市東區和平街61號,臺中市東區新庄里15鄰和平街61號,120.68479,24.133893,0.9333,OK,1
38,38,臺中市西屯區台灣大道三段99號,2,惠中樓6樓茶水間,yes,6,,,臺中市政府民政局,西屯區,臺中市西屯區臺灣大道三段99號,臺中市西屯區惠來里3鄰臺灣大道三段99號,120.647297,24.161989,0.6860,OK,0
39,39,臺中市大肚區榮華街1號,1,,,,,,臺中市大肚區衛生所,大肚區,臺中市大肚區榮華街1號,臺中市大肚區頂街里14鄰榮華街1號,120.544787,24.155091,0.9071,OK,1
40,40,臺中市南屯區永春東路679號,1,,,,,,臺中市南屯區戶政事務所,南屯區,臺中市南屯區永春東路679號,臺中市南屯區向心里6鄰永春東路679號,120.644264,24.134427,0.9310,OK,1
41,41,臺中市東勢區豐勢路490號,1,,,,,,臺中市東勢區衛生所,東勢區,臺中市東勢區豐勢路490號,臺中市東勢區中寧里12鄰豐勢路488號,120.828355,24.257401,0.6005,medium,1
43,42,臺中市西區三民路一段158號,2,5樓,yes,5,,,臺中市政府地政局,西區,臺中市西區三民路一段158號,臺中市西區三民里10鄰三民路一段158號,120.673921,24.136472,0.8813,OK,1
44,43,臺中市西區三民路一段158號,2,6樓,yes,6,,,臺中市政府地政局,西區,臺中市西區三民路一段158號,臺中市西區三民里10鄰三民路一段158號,120.673921,24.136472,0.8813,OK,0
45,44,臺中市西區三民路一段158號,2,7樓,yes,7,,,臺中市政府地政局,西區,臺中市西區三民路一段158號,臺中市西區三民里10鄰三民路一段158號,120.673921,24.136472,0.8813,OK,0
46,45,臺中市西區三民路一段158號,1,9樓,yes,9,,,臺中市政府地政局,西區,臺中市西區三民路一段158號,臺中市西區三民里10鄰三民路一段158號,120.673921,24.136472,0.8813,OK,0
47,46,台中市豐原區社興路37號,4,,,,,,臺中市政府豐原就業服務站,豐原區,台中市豐原區社興路37號,臺中市豐原區社皮里16鄰社興路31號,120.70626,24.24664,0.6814,medium,1
48,47,臺中市西屯區臺灣大道三段99號,9,,,,,,臺中市政府建設局,西屯區,臺中市西屯區臺灣大道三段99號,臺中市西屯區惠來里3鄰臺灣大道三段99號,120.647297,24.161989,0.9417,OK,0
49,48,臺中市南屯區文心南五路一段331號,2,,,,,,臺中市政府建設局(路燈管理科、第一工務大隊),南屯區,臺中市南屯區文心南五路一段331號,臺中市南屯區豐樂里12鄰文心南五路一段331號,120.643402,24.131571,0.9167,OK,1
50,49,臺中市清水區鰲海路100號,1,,,,,,臺中市政府建設局(第三工務大隊),清水區,臺中市清水區鰲海路100號,臺中市清水區鰲峰里9鄰鰲海路100號,120.584828,24.272844,0.9179,OK,1
51,50,臺中市南區福田二街23號,1,,,,,,臺中市政府建設局(第四工務大隊),南區,臺中市南區福田二街23號,臺中市南區樹義里43鄰福田二街355之1號,120.651777,24.108641,0.6064,,1
52,51,臺中市大安區中庄里中山南路356號,2,,,,,,臺中市大安區公所,大安區,臺中市大安區中庄里中山南路356號,臺中市大安區中庄里3鄰中山南路356號,120.586682,24.346214,0.9704,OK,1
53,52,臺中市大安區中庄里興安路376號,1,,,,,,臺中市大安區老人文康活動中心,大安區,臺中市大安區中庄里興安路376號,臺中市大安區中庄里12鄰興安路376號,120.589475,24.345892,0.9704,OK,1
54,53,臺中市石岡區土牛里豐勢路德成巷10號,1,,,,,,臺中市政府客家事務委員會,石岡區,臺中市石岡區土牛里豐勢路德成巷10號,臺中市石岡區土牛里4鄰豐勢路德成巷10號,120.809448,24.265154,0.9742,OK,1
55,54,臺中市西屯區市政北二路386號,1,,,,,,臺中市西屯區戶政事務所,西屯區,臺中市西屯區市政北二路386號,臺中市西屯區潮洋里19鄰市政北二路386號,120.633721,24.165489,0.9222,OK,1
56,55,臺中市大肚區沙田路三段38之1號,1,,,,,,臺中市大肚區戶政事務所,大肚區,臺中市大肚區沙田路三段38之1號,臺中市大肚區頂街里14鄰沙田路三段38之1號,120.544501,24.154975,0.9278,OK,1
57,56,臺中市龍井區沙田路四段247號,4,,,,,,臺中市龍井區公所,龍井區,臺中市龍井區沙田路四段247號,臺中市龍井區龍泉里15鄰沙田路四段247號,120.545697,24.192812,0.9400,OK,1
58,57,臺中市潭子區中山路2段241巷5號,2,,,,,,臺中市潭子區衛生所,潭子區,臺中市潭子區中山路2段241巷5號,臺中市潭子區潭陽里22鄰中山路二段241巷5號,120.704301,24.209749,0.7283,OK,1
59,58,臺中市潭子區中山路二段239號,2,供民眾洽公使用部分,,,,,臺中市潭子區公所,潭子區,臺中市北屯區中清路二段299號,臺中市北屯區新平里2鄰中清路二段299號,120.668166,24.178458,0.6570,,0
60,59,臺中市西屯區西屯路二段299號,1,,,,,,臺中市西屯區衛生所,西屯區,臺中市西屯區西屯路二段299號,臺中市西屯區西安里14鄰西屯路二段299號,120.640383,24.178914,0.9261,OK,1
61,60,臺中市豐原區西安街21號,6,,,,,,臺中市豐原地政事務所,豐原區,臺中市豐原區西安街21號,臺中市豐原區西勢里5鄰西安街21之1號,120.714204,24.248864,0.8708,medium,1
62,61,臺中市烏日區新興路316號,6,1樓3台、2樓2台、3樓1台,yes,,1-3,,臺中市烏日區公所,烏日區,臺中市烏日區新興路316號,臺中市烏日區烏日里18鄰新興路312號,120.624239,24.104531,0.8977,medium,1
63,62,臺中市西屯區臺灣大道三段99號,1,（惠中樓4樓）,yes,4,,,臺中市政府勞工局,西屯區,臺中市西屯區臺灣大道三段99號,臺中市西屯區惠來里3鄰臺灣大道三段99號,120.647297,24.161989,0.9417,OK,0
64,63,臺中市西屯區臺灣大道三段99號,1,（文心樓4樓）,yes,4,,,臺中市政府勞工局,西屯區,臺中市西屯區臺灣大道三段99號,臺中市西屯區惠來里3鄰臺灣大道三段99號,120.647297,24.161989,0.9417,OK,0
65,64,台中市新社區興社街2段28-1號,3,,,,,,臺中市新社區公所,新社區,台中市新社區興社街2段28-1號,臺中市新社區復盛里11鄰興社街二段28之1號,120.809431,24.233995,0.5893,OK,1
66,65,臺中市霧峰區吉峰路16號,1,,,,,,臺中市霧峰區戶政事務所,霧峰區,臺中市霧峰區吉峰路16號,臺中市霧峰區吉峰里14鄰吉峰路18號,120.700628,24.075622,0.8766,medium,1
67,66,臺中市大雅區雅環路二段299號,1,二樓,yes,2,,,臺中市大雅區戶政事務所,大雅區,臺中市大雅區雅環路二段299號,臺中市大雅區上雅里13鄰雅環路二段299號,120.648416,24.229187,0.9027,OK,1
68,67,臺中市霧峰區本堂里大同路20號,6,開放供民眾時間原則：以上班時間為主08:00~12:00；13:00~17:00,,,,,臺中市霧峰區公所,霧峰區,臺中市霧峰區本堂里大同路20號,臺中市霧峰區本堂里7鄰大同路26號,120.702023,24.061279,0.9452,medium,1
69,68,臺中市西區民權路99-1號,6,,,,,,臺中市政府都市發展局,西區,臺中市西區民權路99-1號,臺中市西區利民里15鄰民權路99之1號,120.677734,24.138959,0.8970,OK,1
70,69,臺中市西區市府路41巷19號,5,,,,,,臺中市政府都市發展局,西區,臺中市西區市府路41巷19號,臺中市西區利民里15鄰市府路41巷17號,120.677347,24.138208,0.8754,medium,1
71,70,臺中市西屯區東興路三段330號,1,,,,,,臺中市政府都市發展局,西屯區,臺中市西屯區東興路三段330號,臺中市西屯區何南里8鄰東興路三段330號,120.654464,24.156075,0.9143,OK,1
72,71,臺中市沙鹿區鎮政路8號,6,,,,,,臺中市沙鹿區公所,沙鹿區,臺中市沙鹿區鎮政路8號,臺中市沙鹿區北勢里25鄰鎮政路8號,120.566245,24.233349,0.9200,OK,1
73,72,臺中市東勢區東蘭路26號,4,,,,,,東勢地政事務所,東勢區,臺中市東勢區東蘭路26號,臺中市東勢區東新里12鄰東蘭路26號,120.826895,24.262836,0.9280,OK,1
74,73,臺中市潭子區勝利路165號,1,1樓,yes,1,,,臺中市雅潭地政事務所,潭子區,臺中市潭子區勝利路165號,臺中市潭子區甘蔗里25鄰勝利路165號,120.700641,24.210644,0.9226,OK,1
75,74,臺中市沙鹿區北勢里鎮政路16號,1,,,,,,臺中市沙鹿區戶政事務所,沙鹿區,臺中市沙鹿區北勢里鎮政路16號,臺中市沙鹿區北勢里25鄰鎮政路16號,120.566404,24.234816,0.9630,OK,1
76,75,臺中市西區自由路一段150號,1,7樓,yes,7,,,車輛行車事故鑑定委員會,西區,臺中市西區自由路一段150號,臺中市西區民生里7鄰自由路一段150號,120.679753,24.137386,0.9286,OK,1
77,76,臺中市南屯區文心南九路119號,2,,,,,,臺中市政府消防局,南屯區,臺中市南屯區文心南九路119號,臺中市南屯區豐樂里8鄰文心南九路119號,120.643137,24.127622,0.9118,OK,1
78,77,臺中市豐原區圓環北路一段321號 ,1,,,,,,臺中市政府消防局第一救災救護大隊豐原分隊,豐原區,臺中市豐原區圓環北路一段321號,臺中市豐原區大湳里20鄰圓環北路一段321號,120.719748,24.25871,0.9250,OK,1
79,78,臺中市潭子區中山路二段237巷5號 ,1,,,,,,臺中市政府消防局第一救災救護大隊潭子分隊,潭子區,臺中市潭子區中山路二段237巷5號,臺中市潭子區潭陽里21鄰中山路二段237巷3號,120.704361,24.209519,0.7445,medium,1
80,79,臺中市大雅區學府路80號,1,,,,,,臺中市政府消防局第一救災救護大隊大雅分隊,大雅區,臺中市大雅區學府路80號,臺中市大雅區四德里7鄰學府路80號,120.650808,24.218352,0.9125,OK,1
81,80,臺中市神岡區北庄里厚生路9號,1,,,,,,臺中市政府消防局第一救災救護大隊神岡分隊,神岡區,臺中市神岡區北庄里厚生路9號,臺中市神岡區北庄里4鄰厚生路9號,120.670912,24.256966,0.9758,OK,1
82,81,臺中市潭子區家福里得天南街37巷55號,1,,,,,,臺中市政府消防局第一救災救護大隊頭家厝分隊,潭子區,臺中市潭子區家福里得天南街37巷55號,臺中市潭子區家福里3鄰得天南街37巷55號,120.700987,24.192951,0.9800,OK,1
83,82,臺中市東勢區東安里中正路306號,1,1樓,yes,1,,,臺中市政府消防局第二救災救護大隊東勢分隊,東勢區,臺中市東勢區東安里中正路306號,臺中市東勢區東安里10鄰中正路306號,120.82564,24.255102,0.9692,OK,1
84,83,臺中市新社區新社里興安路1號,1,,,,,,臺中市政府消防局第二救災救護大隊新社分隊,新社區,臺中市新社區新社里興安路1號,臺中市新社區新社里3鄰興安路1之2號,120.807331,24.23931,0.8485,medium,1
85,84,臺中市石岡區石岡里豐勢路1171號,1,,,,,,臺中市政府消防局第二救災救護大隊石岡分隊,石岡區,臺中市石岡區石岡里豐勢路1171號,臺中市石岡區石岡里3鄰豐勢路1171號,120.775253,24.276687,0.9692,OK,1
86,85,臺中市和平區南勢里東關路三段157號,1,,,,,,臺中市政府消防局第二救災救護大隊和平分隊,和平區,臺中市和平區南勢里東關路三段157號,臺中市和平區南勢里10鄰東關路三段157之10號,120.884193,24.174122,0.9414,medium,1
87,86,臺中市和平區梨山里民族街19號,1,,,,,,臺中市政府消防局第二救災救護大隊梨山分隊,和平區,臺中市和平區梨山里民族街19號,臺中市和平區梨山里18鄰民族街11號,121.256118,24.254834,0.9324,medium,1
88,87,臺中市和平區自由里東崎路二段39號,1,,,,,,臺中市政府消防局第二救災救護大隊雙崎分隊,和平區,臺中市和平區自由里東崎路二段39號,臺中市和平區自由里5鄰東崎路二段39號,120.909445,24.292281,0.9724,OK,1
89,88,臺中市大里區工業四路1號 ,1,,,,,,臺中市政府消防局第三救災救護大隊仁化分隊,大里區,臺中市大里區工業四路1號,臺中市大里區仁化里28鄰工業四路1號,120.714432,24.094607,0.9292,OK,1
90,89,臺中市霧峰區吉峰路18號,1,,,,,,臺中市政府消防局第三救災救護大隊霧峰分隊,霧峰區,臺中市霧峰區吉峰路16號,臺中市霧峰區吉峰里14鄰吉峰路18號,120.700628,24.075622,0.9097,OK,0
91,90,臺中市大里區大里路289號,1,,,,,,臺中市政府消防局第三救災救護大隊大里分隊,大里區,臺中市大里區大里路289號,臺中市大里區大里里1鄰大里路289號,120.678645,24.097617,0.8917,OK,1
92,91,臺中市太平區中興里中興東路46號,1,,,,,,臺中市政府消防局第三救災救護大隊太平分隊,太平區,臺中市和平區平等里中興路三段48號,臺中市和平區平等里10鄰中興路三段48號,121.295499,24.313941,0.5248,,0
93,92,臺中市烏日區新興路312號,1,,,,,,臺中市政府消防局第三救災救護大隊烏日分隊,烏日區,臺中市烏日區新興路316號,臺中市烏日區烏日里18鄰新興路312號,120.624239,24.104531,0.9333,OK,0
94,93,臺中市太平區中山路四段23號,1,,,,,,臺中市政府消防局第三救災救護大隊中山分隊,太平區,臺中市太平區中山路四段23號,臺中市太平區新高里17鄰中山路四段23號,120.712878,24.149627,0.9091,OK,1
95,94,臺中市大里區立元路26號,1,,,,,,臺中市政府消防局第三救災救護大隊十九甲分隊,大里區,臺中市大里區立元路26號,臺中市大里區立德里30鄰立元路26號,120.695127,24.099629,0.9063,OK,1
96,95,臺中市烏日區溪南路一段823巷59號,1,,,,,,臺中市政府消防局第三救災救護大隊溪湳分隊,烏日區,臺中市烏日區溪南路一段823巷59號,臺中市烏日區溪埧里1鄰溪南路一段823巷59號,120.643963,24.069525,0.9238,OK,1
97,96,臺中市沙鹿區鎮南路二段476號,1,,,,,,臺中市政府消防局第四救災救護大隊沙鹿分隊,沙鹿區,臺中市沙鹿區鎮南路二段476號,臺中市沙鹿區北勢里25鄰鎮南路二段470號,120.565989,24.231902,0.9012,OK,1
98,97,臺中市清水區南社路198號,1,,,,,,臺中市政府消防局第四救災救護大隊清水分隊,清水區,臺中市清水區南社路198號,臺中市清水區南社里10鄰南社路198號,120.562526,24.266575,0.9161,OK,1
99,98,臺中市梧棲區中興路178巷5號,1,,,,,,臺中市政府消防局第四救災救護大隊梧棲分隊,梧棲區,臺中市梧棲區中興路178巷5號,臺中市梧棲區中正里24鄰中興路178巷5號,120.534176,24.254787,0.9400,OK,1
100,99,臺中市大肚區沙田路三段40號 ,1,,,,,,臺中市政府消防局第四救災救護大隊大肚分隊,大肚區,臺中市大肚區沙田路三段40號,臺中市大肚區頂街里14鄰沙田路三段40號,120.544392,24.155108,0.9161,OK,1
101,100,臺中市龍井區沙田路四段183號,1,,,,,,臺中市政府消防局第四救災救護大隊龍井分隊,龍井區,臺中市龍井區沙田路四段183號,臺中市龍井區竹坑里1鄰沙田路四段183號,120.545605,24.191106,0.9400,OK,1
102,101,臺中市龍井區中興路120巷8號,1,,,,,,臺中市政府消防局第四救災救護大隊犁份分隊,龍井區,臺中市龍井區中興路120巷8號,臺中市龍井區新庄里3鄰中興路120巷8號,120.575527,24.186024,0.9400,OK,1
103,102,臺中市沙鹿區公明里中清路六段200號,1,,,,,,臺中市政府消防局第四救災救護大隊清泉分隊,沙鹿區,臺中市沙鹿區公明里中清路六段200號,臺中市沙鹿區公明里20鄰中清路六段206號,120.609223,24.246291,0.9478,OK,1
104,103,臺中市大甲區日南里幼二路32巷1號,1,,,,,,臺中市政府消防局第五救災救護大隊幼獅分隊,大甲區,臺中市大甲區日南里幼二路32巷1號,臺中市大甲區日南里11鄰幼二路125號,120.646361,24.404875,0.7580,,1
105,104,臺中市大甲區經國路695號,1,,,,,,臺中市政府消防局第五救災救護大隊大甲分隊,大甲區,臺中市大甲區經國路695號,臺中市大甲區武曲里2鄰經國路695號,120.619325,24.35545,0.9241,OK,1
106,105,臺中市外埔區大同里六分路348號,1,,,,,,臺中市政府消防局第五救災救護大隊外埔分隊,外埔區,臺中市外埔區大同里六分路348號,臺中市外埔區大同里1鄰六分路348號,120.655519,24.332313,0.9760,OK,1
107,106,臺中市后里區墩東里文明路146號,1,,,,,,臺中市政府消防局第五救災救護大隊后里分隊,后里區,臺中市后里區墩東里文明路146號,臺中市后里區墩東里20鄰文明路146號,120.717878,24.306983,0.9697,OK,1
108,107,臺中市大安區中山南路298號,1,,,,,,臺中市政府消防局第五救災救護大隊大安分隊,大安區,臺中市大安區中山南路298號,臺中市大安區中庄里12鄰中山南路296號,120.588186,24.345087,0.8977,medium,1
109,108,臺中市西屯區青海路二段120號,1,,,,,,臺中市政府消防局第六救災救護大隊黎明分隊,西屯區,臺中市西屯區青海路二段120號,臺中市西屯區惠來里23鄰青海路二段120號,120.64914,24.167617,0.9429,OK,1
110,109,臺中市南屯區向心南路916號,1,,,,,,臺中市政府消防局第六救災救護大隊南屯分隊,南屯區,臺中市南屯區向心南路916號,臺中市南屯區向心里8鄰向心南路916號,120.64419,24.135742,0.9310,OK,1
111,110,臺中市西屯區台灣大道四段1347號,1,,,,,,臺中市政府消防局第六救災救護大隊協和分隊,西屯區,臺中市西屯區台灣大道四段1347號,臺中市西屯區福恩里18鄰臺灣大道四段1347號,120.6089,24.183859,0.7238,OK,1
112,111,臺中市南屯區工業27路15號,1,,,,,,臺中市政府消防局第六救災救護大隊工業區分隊,南屯區,臺中市大里區工業四路1號,臺中市大里區仁化里28鄰工業四路1號,120.714432,24.094607,0.4862,,0
113,112,臺中市南屯區精科路22號,1,,,,,,臺中市政府消防局第六救災救護大隊春社分隊,南屯區,臺中市南屯區精科路22號,臺中市南屯區文山里18鄰精科路22號,120.605429,24.147222,0.9487,OK,1
114,113,臺中市北區台灣大道二段350號,1,,,,,,臺中市政府消防局第七救災救護大隊中港分隊,北區,臺中市北區台灣大道二段350號,臺中市北區淡溝里30鄰臺灣大道二段350號,120.665608,24.15421,0.6984,OK,1
115,114,臺中市南區台中路134號 ,1,,,,,,臺中市政府消防局第七救災救護大隊信義分隊,南區,臺中市南區台中路134號,臺中市南區城隍里32鄰臺中路124號,120.684032,24.131751,0.5869,,1
116,115,臺中市中區成功路332號,1,,,,,,臺中市政府消防局第七救災救護大隊中區分隊,中區,臺中市中區成功路332號,臺中市中區大誠里19鄰成功路332號,120.678628,24.144754,0.9000,OK,1
117,116,臺中市南區復興路一段235號 ,1,,,,,,臺中市政府消防局第七救災救護大隊勤工分隊,南區,臺中市南區復興路一段235號,臺中市南區樹義里11鄰復興路一段231之1號,120.650552,24.112098,0.6296,medium,1
118,117,臺中市東區東英八街42號,1,,,,,,臺中市政府消防局第七救災救護大隊東英分隊,東區,臺中市東區東英八街42號,臺中市東區十甲里12鄰東英八街42號,120.704629,24.141356,0.9029,OK,1
119,118,臺中市北屯區文昌東三街48號,1,,,,,,臺中市政府消防局第八救災救護大隊文昌分隊,北屯區,臺中市北屯區文昌東三街48號,臺中市北屯區平德里7鄰文昌東三街48號,120.680708,24.170395,0.9385,OK,1
120,119,臺中市北屯區北屯路88號,1,,,,,,臺中市政府消防局第八救災救護大隊北屯分隊,北屯區,臺中市北屯區北屯路88號,臺中市北屯區北興里1鄰北屯路88號,120.693558,24.163108,0.9385,OK,1
121,120,臺中市北屯區后庄路909號,1,,,,,,臺中市政府消防局第八救災救護大隊四平分隊,北屯區,臺中市北屯區后庄路909號,臺中市北屯區四民里6鄰后庄路909號,120.68193,24.192662,0.9241,OK,1
122,121,臺中市北屯區中清路二段299號,1,,,,,,臺中市政府消防局第八救災救護大隊水湳分隊,北屯區,臺中市北屯區中清路二段299號,臺中市北屯區新平里2鄰中清路二段299號,120.668166,24.178458,0.9172,OK,1
123,122,臺中市北屯區軍福十三路268號 ,1,,,,,,臺中市政府消防局第八救災救護大隊東山分隊,北屯區,臺中市北屯區軍福十三路268號,臺中市北屯區和平里23鄰軍福十三路268號,120.722253,24.172795,0.9355,OK,1
124,123,臺中市大里區國光路二段299號,1,1樓,yes,1,,,特搜大隊國光分隊,大里區,臺中市大里區國光路二段299號,臺中市大里區新里里26鄰國光路二段299號,120.680144,24.107188,0.9241,OK,1
125,124,臺中市西屯區西屯路三段40號 ,1,,,,,,特搜大隊西屯分隊,西屯區,臺中市西屯區西屯路三段40號,臺中市西屯區西墩里2鄰西屯路三段40號,120.637955,24.181053,0.9161,OK,1
126,125,臺中市北區錦南街46號 ,1,,,,,,特搜大隊大誠分隊,北區,臺中市北區錦南街46號,臺中市北區新北里21鄰錦南街46號,120.687038,24.154611,0.9243,OK,1
127,126,臺中市西屯區市政北二路386號,1,1樓,yes,1,,,臺中市西屯區公所,西屯區,臺中市西屯區市政北二路386號,臺中市西屯區潮洋里19鄰市政北二路386號,120.633721,24.165489,0.9222,OK,0
128,127,臺中市西屯區市政北二路386號,1,2樓,yes,2,,,臺中市西屯區公所,西屯區,臺中市西屯區市政北二路386號,臺中市西屯區潮洋里19鄰市政北二路386號,120.633721,24.165489,0.9222,OK,0
129,128,臺中市西屯區市政北二路386號,3,3樓,yes,3,,,臺中市西屯區公所,西屯區,臺中市西屯區市政北二路386號,臺中市西屯區潮洋里19鄰市政北二路386號,120.633721,24.165489,0.9222,OK,0
130,129,臺中市西屯區市政北二路386號,2,4樓,yes,4,,,臺中市西屯區公所,西屯區,臺中市西屯區市政北二路386號,臺中市西屯區潮洋里19鄰市政北二路386號,120.633721,24.165489,0.9222,OK,0
131,130,臺中市西屯區市政北二路386號,1,5樓,yes,5,,,臺中市西屯區公所,西屯區,臺中市西屯區市政北二路386號,臺中市西屯區潮洋里19鄰市政北二路386號,120.633721,24.165489,0.9222,OK,0
132,131,臺中市北屯區崇德路三段10號,2,,,,,,臺中市北屯區戶政事務所,北屯區,臺中市北屯區崇德路3段10號,臺中市北屯區仁和里7鄰崇德路三段10號,120.686671,24.182692,0.9308,OK,0
133,132,臺中市大安區中山南路302號,1,,,,,,臺中市大安區戶政事務所,大安區,臺中市大安區中山南路302號,臺中市大安區中庄里12鄰中山南路302號,120.587721,24.346366,0.9333,OK,1
134,133,臺中市外埔區大同里六分路390號,3,,,,,,臺中市外埔區公所,外埔區,臺中市外埔區大同里六分路390號,臺中市外埔區大同里1鄰六分路390號,120.654276,24.332229,0.9760,OK,1
135,134,臺中市外埔區永豐里六分路90號,1,,,,,,臺中市外埔區永豐里活動中心,外埔區,臺中市外埔區永豐里六分路90號,臺中市外埔區永豐里7鄰六分路90號,120.678813,24.331623,0.9724,OK,1
136,135,臺中市外埔區中山里大馬路196號,1,,,,,,臺中市外埔區中山里活動中心,外埔區,臺中市外埔區中山里大馬路196號,臺中市外埔區中山里4鄰大馬路196號,120.660331,24.339776,0.9704,OK,1
137,136,臺中市外埔區鐵山里長生路578號,1,,,,,,臺中市外埔區鐵山社區活動中心,外埔區,臺中市外埔區鐵山里長生路578號,臺中市外埔區鐵山里11鄰長生路578號,120.65587,24.34828,0.8237,OK,1
138,137,臺中市外埔區?子里土城路346號,1,,,,,,臺中市外埔區?子社區活動中心,外埔區,臺中市外埔區?子里土城路346號,臺中市外埔區?子里5鄰土城路346號,120.685598,24.345064,0.9765,OK,1
139,138,臺中市外埔區大東里大馬路373號,1,,,,,,臺中市外埔區大東社區活動中心,外埔區,臺中市外埔區大東里大馬路373號,臺中市外埔區大東里8鄰大馬路373號,120.642862,24.340696,0.9750,OK,1
140,139,臺中市清水區鰲峰路239號,1,,,,,,臺中市清水區戶政事務所,清水區,臺中市清水區鰲峰路239號,臺中市清水區南社里10鄰鰲峰路239號,120.562833,24.266324,0.9133,OK,1
142,140,臺中市西屯區臺灣大道三段99號,2,文心樓1F採購管理科旁茶水間，於上班時間內開放,yes,1,,,臺中市政府秘書處,西屯區,臺中市西屯區臺灣大道三段99號,臺中市西屯區惠來里3鄰臺灣大道三段99號,120.647297,24.161989,0.9417,OK,0
143,141,臺中市豐原區陽明街36號,5,1F東西側茶水間及出口，於上班時間內開放,yes,1,,,臺中市政府秘書處,豐原區,臺中市豐原區陽明街36號,臺中市豐原區陽明里7鄰陽明街20號,120.720034,24.24723,0.6273,,0
144,142,臺中市豐原區市政路2號,1,開放上班時段供民眾使用,,,,,臺中市豐原區戶政事務所,豐原區,臺中市豐原區市政路2號,臺中市豐原區田心里4鄰市政路2號,120.71805,24.241249,0.9273,OK,1
145,143,臺中市大肚區華山路151號,1,0800-2100(星期一休館)，(借大肚圖書館使用105.6.27至105.12.31),,,,,華山閱覽室,大肚區,臺中市大肚區華山路151號,臺中市大肚區頂街里10鄰華山路151號,120.547502,24.155252,0.9188,OK,1
146,144,臺中市大肚區沙田路2段646號,4,0800-1700(星期一~五),,,,,大肚區公所,大肚區,臺中市大肚區沙田路2段646號,臺中市大肚區大肚里8鄰沙田路二段646號,120.545708,24.151147,0.7212,OK,1
147,145,臺中市新社區興社街4段1號,1,於1樓,yes,1,,,新社區衛生所,新社區,臺中市新社區興社街4段1號,臺中市新社區新社里1鄰興社街四段1號,120.809197,24.240573,0.6909,OK,1
148,146,台中市龍井區沙田路四段257號,1,,,,,,龍井區戶政事務所,龍井區,台中市龍井區沙田路四段257號,臺中市龍井區龍泉里15鄰沙田路四段257號,120.545484,24.193209,0.7543,OK,1
149,147,臺中市西區三民路一段158號,1,,,,,,臺中市中山地政事務所,西區,臺中市西區三民路一段158號,臺中市西區三民里10鄰三民路一段158號,120.673921,24.136472,0.8813,OK,0
150,148,臺中市石岡區豐勢路1033號,4,,,,,,臺中市石岡區公所,石岡區,臺中市石岡區豐勢路1033號,臺中市石岡區九房里1鄰豐勢路1033號,120.780341,24.274773,0.9097,OK,1
151,149,臺中市石岡區豐勢路國校巷41號,1,,,,,,臺中市石岡區土牛里辦公處,石岡區,臺中市石岡區豐勢路國校巷41號,臺中市石岡區土牛里6鄰豐勢路國校巷41號,120.808863,24.270801,0.9394,OK,1
152,150,臺中市石岡區萬仙街仙塘坪巷55號,2,,,,,,臺中市石岡區公所,石岡區,臺中市石岡區萬仙街仙塘坪巷55號,臺中市石岡區龍興里4鄰萬仙街仙塘坪巷55號,120.791646,24.254504,0.9430,OK,1
154,151,臺中市神岡區神岡路121之1號,1,,,,,,神岡區戶政事務所,神岡區,臺中市神岡區神岡路121之1號,臺中市神岡區神岡里18鄰神岡路121之1號,120.658768,24.256571,0.9419,OK,1
155,152,臺中市外埔區甲后路444號,1,1樓門診大廳,yes,1,,,臺中市外埔區衛生所,外埔區,臺中市外埔區甲后路444號,臺中市外埔區大同里3鄰甲后路444號,120.652177,24.333084,0.9430,OK,1
156,153,臺中市龍井區沙田路四段185號,2,,,,,,臺中市龍井地政事務所第一課,龍井區,臺中市龍井區沙田路四段185號,臺中市龍井區竹坑里1鄰沙田路四段185號,120.545648,24.191358,0.9400,OK,1
157,154,臺中市霧峰區民生路1-9號,1,,,,,,臺中市霧峰區衛生所,霧峰區,臺中市霧峰區民生路1-9號,臺中市霧峰區本堂里5鄰民生路1之9號,120.700741,24.060806,0.9081,OK,1
158,155,臺中市潭子區中山路二段237巷3號,2,,,,,,臺中市潭子區戶政事務所,潭子區,臺中市潭子區中山路二段237巷5號,臺中市潭子區潭陽里21鄰中山路二段237巷3號,120.704361,24.209519,0.9222,OK,0
159,156,臺中市南區工學路72號,1,,,,,,臺中市南區戶政事務所,南區,臺中市南區工學路72號,臺中市南區南和里5鄰工學路72號,120.663793,24.11709,0.9262,OK,1
160,157,臺中市南屯區永春東路679號,9,,,,,,臺中市南屯區公所,南屯區,臺中市南屯區永春東路679號,臺中市南屯區向心里6鄰永春東路679號,120.644264,24.134427,0.9310,OK,0
161,158,臺中市西屯區臺灣大道三段99號,4,服務中心內2台、茶水間2台,yes,,,,臺中市政府研究發展考核委員會(新市政服務中心),西屯區,臺中市西屯區臺灣大道三段99號,臺中市西屯區惠來里3鄰臺灣大道三段99號,120.647297,24.161989,0.9417,OK,0
162,159,臺中市大甲區民權路52號,2,6樓,yes,6,,,臺中市大甲區戶政事務所,大甲區,臺中市大甲區民權路52號,臺中市大甲區孔門里6鄰民權路52號,120.622487,24.349216,0.9000,OK,1
163,160,臺中市中區興中街80號,1,,,,,,臺中市中區戶政事務 所,中區,臺中市中區興中街80號,臺中市中區柳川里12鄰興中街80號,120.679576,24.144091,0.9103,OK,1
164,161,臺中市西屯區臺灣大道三段99號,2,惠中樓7樓,yes,7,,,臺中市政府財政局,西屯區,臺中市西屯區臺灣大道三段99號,臺中市西屯區惠來里3鄰臺灣大道三段99號,120.647297,24.161989,0.9417,OK,0
165,162,臺中市清水區大街路138號,4,,,,,,臺中市清水區地政事務所,清水區,臺中市清水區大街路138號,臺中市清水區鰲峰里17鄰大街路138號,120.578901,24.269526,0.9059,OK,1
166,163,臺中市西屯區臺灣大道三段99號,2,文心樓8樓,yes,8,,,臺中市政府新聞局,西屯區,臺中市西屯區臺灣大道三段99號,臺中市西屯區惠來里3鄰臺灣大道三段99號,120.647297,24.161989,0.9417,OK,0
167,164,臺中市大里區東榮路296號,4,,,,,,臺中市大里地政事務所,大里區,臺中市大里區東榮路296號,臺中市大里區西榮里27鄰東榮路296號,120.685545,24.110521,0.9163,OK,1
168,165,臺中市南區工學路72號,1,,,,,,臺中市南區戶政事務所,南區,臺中市南區工學路72號,臺中市南區南和里5鄰工學路72號,120.663793,24.11709,0.9262,OK,0
169,166,臺中市西區三民路一段161號,1,3樓,yes,3,,,臺中市西區戶政事務所,西區,臺中市西區三民路一段161號,臺中市西區三民里5鄰三民路一段161號,120.672932,24.136438,0.8925,OK,1
170,167,臺中市西區民權路101號,1,,,,,,臺中市政府交通局,西區,臺中市西區民權路101號,臺中市西區三民里1鄰民權路101號,120.677259,24.13943,0.9300,OK,0
171,168,臺中市太平區大源路1之19號,3,,,,,,臺中市太平地政事務所,太平區,臺中市太平區大源路1之19號,臺中市太平區中山里15鄰大源路1之19號,120.72625,24.146704,0.9429,OK,1
172,169,臺中市大甲區成功路221號,1,(旅客服務中心),yes,,,,臺中市風景區管理所,大甲區,臺中市大甲區成功路221號,臺中市大甲區頂店里2鄰成功路221號,120.650005,24.359185,0.9185,OK,1
173,170,臺中市西區東興路3段246號,2,1樓,yes,1,,,臺中市中興地政事務所,西區,臺中市西區東興路3段246號,臺中市西區公平里13鄰東興路三段246號,120.653371,24.153819,0.7010,OK,1
174,171,臺中市大里區大新街36號,1,8:00-17:00假日不開放,,,,,臺中市大里區公所,大里區,臺中市大里區大新街36號,臺中市大里區新里里30鄰大新街36號,120.677854,24.099488,0.9355,OK,1
175,172,臺中市大里區東南路207巷36號,1,,,,,,東湖里草湖太子宮,大里區,臺中市大里區東南路207巷36號,臺中市大里區東湖里15鄰東南路207巷36號,120.693319,24.077104,0.9419,OK,1
176,173,臺中市大里區立新街71號,1,,,,,,新仁里新仁活動中心,大里區,臺中市大里區立新街71號,臺中市大里區新仁里17鄰立新街71號,120.705614,24.107924,0.9125,OK,1
177,174,臺中市大里區新仁路二段162號,3,,,,,,東昇里新興宮,大里區,臺中市大里區新仁路二段162號,臺中市大里區東昇里3鄰新仁路二段162號,120.69312,24.111958,0.9312,OK,1
178,175,臺中市大里區永興路89號,1,,,,,,國光里白雲宮,大里區,臺中市大里區永興路89號,臺中市大里區國光里6鄰永興路89號,120.682207,24.107807,0.9259,OK,1
179,176,臺中市大里區東榮路483號,5,,,,,,仁愛醫院,大里區,臺中市大里區東榮路483號,臺中市大里區國光里2鄰東榮路483號,120.680434,24.109261,0.9286,OK,1
180,177,臺中市大里區新里里福興街1號,1,,,,,,福興宮,大里區,臺中市大里區新里里福興街1號,臺中市大里區新里里15鄰福興街5號,120.677691,24.098066,0.8417,medium,1
181,178,臺中市大里區新里里新興路26號,1,,,,,,七將軍廟,大里區,臺中市大里區新里里新興路26號,臺中市大里區新里里12鄰新興路26號,120.677249,24.098718,0.9680,OK,1
182,179,臺中市大里區新里里上田街34-1號,1,,,,,,三興宮,大里區,臺中市大里區新里里上田街34-1號,臺中市大里區新里里1鄰上田街32號,120.680279,24.103319,0.6729,medium,1
183,180,臺中市大里區永隆六街29號,1,,,,,,永隆里活動中心,大里區,臺中市大里區永隆六街29號,臺中市大里區永隆里16鄰永隆六街29號,120.67362,24.112392,0.9200,OK,1
184,181,臺中市豐原區圓環東路782號,2,戶外園區可供民眾自行取用,,,,,臺中市葫蘆墩文化中心,豐原區,臺中市豐原區圓環東路782號,臺中市豐原區田心里24鄰圓環東路86之1號,120.715949,24.244272,0.6314,,1
185,182,臺中市清水區忠貞路21號,8,,,,,,臺中市港區藝術中心,清水區,臺中市清水區忠貞路21號,臺中市清水區中社里20鄰忠貞路21號,120.558346,24.270468,0.9063,OK,1
186,183,臺中市西區英才路600號,8,,,,,,臺中市大墩文化中心,西區,臺中市西區英才路600號,臺中市西區安龍里6鄰英才路600號,120.665695,24.141523,0.9032,OK,1
187,184,臺中市大里區勝利二路1號,1,,,,,,臺中兒童藝術館,大里區,臺中市大里區勝利二路1號,臺中市大里區國光里16鄰勝利二路1號,120.686168,24.100191,0.9241,OK,1
188,185,臺中市北屯區旅順路二段73號,1,,,,,,台灣民俗文物館,北屯區,臺中市北屯區旅順路二段73號,臺中市北屯區平心里5鄰旅順路二段1之1號,120.686124,24.174591,0.6595,,1
189,186,臺中市大甲區民權路52號,3,,,,,,臺中市大甲區公所,大甲區,臺中市大甲區民權路52號,臺中市大甲區孔門里6鄰民權路52號,120.622487,24.349216,0.9000,OK,0
190,187,臺中市大甲區水源路167號,2,,,,,,臺中市大甲區長青活動中心,大甲區,臺中市大甲區水源路167號,臺中市大甲區中山里7鄰水源路167號,120.626859,24.3409,0.9383,OK,1
191,188,臺中市大甲區文武路116號,1,,,,,,大甲文昌祠,大甲區,臺中市大甲區文武路116號,臺中市大甲區孔門里5鄰文武路116號,120.622806,24.347972,0.9091,OK,1
192,189,臺中市北屯區北平路三段36號,4,,,,,,臺中市中正地政事務所,北屯區,臺中市北屯區北平路三段36號,臺中市北屯區平德里7鄰北平路三段36號,120.680647,24.170881,0.9172,OK,1
193,190,臺中市和平區南勢里東關路三段156號,1,8-17時,,,,,臺中市和平區公所,和平區,臺中市和平區南勢里東關路三段156號,臺中市和平區南勢里10鄰東關路三段156號,120.883649,24.175149,0.9680,OK,1
194,191,臺中市和平區平等里中興路三段環山一巷18號,1,8-17時,,,,,平等里辦公處,和平區,臺中市和平區平等里中興路三段環山一巷18號,臺中市和平區平等里11鄰中興路三段環山一巷18號,121.2958,24.317925,0.9750,OK,1
195,192,臺中市和平區梨山里中正路77號,1,8-17時,,,,,梨山里辦公處,和平區,臺中市和平區梨山里中正路77號,臺中市和平區梨山里16鄰中正路75號,121.254816,24.254028,0.9164,OK,1
196,193,臺中市和平區博愛里東關路一段松鶴二巷1-2號,1,8-17時，2樓,yes,2,,,博愛里辦公處,和平區,臺中市和平區博愛里東關路一段松鶴二巷1-2號,臺中市和平區博愛里8鄰東關路一段松鶴二巷1之2號,120.98004,24.177873,0.9599,OK,1
197,194,臺中市和平區天倫里東關路二段天輪巷1-1號,1,8-17時,,,,,天倫里辦公處,和平區,臺中市和平區天倫里東關路二段天輪巷1-1號,臺中市和平區天輪里2鄰東關路二段天輪巷83之3號,120.928673,24.186667,0.7112,,1
198,195,臺中市和平區南勢里東關路三段156號,1,8-17時，(位於區公所右前側),,,,,南勢里辦公處,和平區,臺中市和平區南勢里東關路三段156號,臺中市和平區南勢里10鄰東關路三段156號,120.883649,24.175149,0.9680,OK,0
199,196,臺中市和平區中坑里2鄰41-1號,1,8-17時,,,,,中坑里辦公處,和平區,臺中市和平區中坑里雪山路10號,臺中市和平區中坑里10鄰雪山路2之8號,120.906849,24.240648,0.6034,,0
200,197,臺中市和平區自由里東崎路二段71-5號,1,8-17時,,,,,自由里辦公處,和平區,臺中市和平區自由里東崎路二段71-5號,臺中市和平區自由里7鄰東崎路二段71之5號,120.908394,24.290676,0.9657,OK,1
201,198,臺中市和平區達觀里東崎路一段50號,1,8-17時,,,,,達觀里辦公處,和平區,臺中市和平區達觀里東崎路一段50號,臺中市和平區達觀里3鄰東崎路一段50號,120.920702,24.326833,0.9750,OK,1
202,199,臺中市和平區南勢里東關路三段156號,1,8-17時,,,,,和平區圖書館,和平區,臺中市和平區南勢里東關路三段156號,臺中市和平區南勢里10鄰東關路三段156號,120.883649,24.175149,0.9680,OK,0
203,200,臺中市石岡區石城街1號,2,,,,,,臺中市政府觀光旅遊局(石岡旅客服務中心),石岡區,臺中市石岡區石城街1號,臺中市石岡區萬安里11鄰石城街1號,120.778717,24.276014,0.9120,OK,1
205,201,臺中市神岡區神岡路2號,1,,,,,,臺中市神岡區衛生所,神岡區,臺中市神岡區神岡路2號,臺中市神岡區神岡里14鄰神岡路2號,120.662818,24.25813,0.9250,OK,1
206,202,臺中市北區永興街301號,1,4樓,yes,4,,,臺中市北區衛生所,北區,臺中市北區永興街301號,臺中市北區賴厝里1鄰永興街301號,120.682234,24.166042,0.9308,OK,1
207,203,臺中市西區金山路11號,4,04-22245200,,,,,臺中市西區區公所,西區,臺中市西區金山路11號,臺中市西區平和里8鄰金山路11號,120.671164,24.14117,0.9250,OK,1
208,204,臺中市西區柳川西街2段47號,1,04-23722273,,,,,財團法人臺灣省臺中市大覺院,西區,臺中市西區柳川西街2段47號,臺中市西區公?里20鄰柳川西路二段47號,120.664887,24.134958,0.3398,OK,1
209,205,臺中市西區三民路一段113號,1,04-23715417,,,,,財團法人臺灣省臺中市觀善寺,西區,臺中市西區三民路一段113號,臺中市西區藍興里8鄰三民路一段113號,120.669877,24.13369,0.9032,OK,1
210,206,臺中市西區居仁街2號,2,04-22231671,,,,,財團法人臺灣省臺中市法華寺,西區,臺中市西區居仁街2號,臺中市西區民生里15鄰居仁街2號,120.681158,24.135643,0.5056,OK,1
211,207,臺中市西區向上路一段128之1號,1,04-23013049,,,,,財團法人臺中市三元寺,西區,臺中市西區向上路一段128之1號,臺中市西區中興里1鄰向上路一段128之1號,120.662707,24.147062,0.9478,OK,1
212,208,臺中市西區台灣大道二段482巷35號,1,04-23224697,,,,,財團法人臺中市天道三佛院,西區,臺中市西區台灣大道二段482巷35號,臺中市西區忠明里15鄰臺灣大道二段482巷35號,120.662178,24.157784,0.7486,OK,1
213,209,臺中市西區梅川東路一段81號,1,04-22010563,,,,,財團法人臺中市均安宮,西區,臺中市西區梅川東路一段81號,臺中市西區後龍里23鄰梅川東路一段81號,120.67179,24.147768,0.9241,OK,1
214,210,臺中市西區建國北路三段1號,1,04-23716437,,,,,財團法人臺中市慈聖宮,西區,臺中市西區建國北路三段1號,臺中市西區藍興里16鄰建國北路三段1號,120.668402,24.13025,0.8933,OK,1
215,211,臺中市西區中興街363號,1,04-23225208,,,,,財團法人臺灣省臺中市應天宮蘇府王爺廟,西區,臺中市大里區中興路一段163號,臺中市大里區東湖里30鄰中興路一段163號,120.695662,24.087683,0.6405,,0
216,212,臺中市西區公正路210巷1號,1,04-23019796.0923-188598,,,,,財團法人臺中市公正福德祠,西區,臺中市西區公正路210巷1號,臺中市西區公益里17鄰公正路210巷41之1號,120.659376,24.150257,0.8947,,1
217,213,臺中市西區五權路92號,1,04-22015937,,,,,台中佛教居士林,西區,臺中市西區五權路92號,臺中市西區後龍里24鄰五權路92號,120.673197,24.146941,0.9154,OK,1
218,214,臺中市西區四維街3巷1號,1,04-22241817,,,,,菩提場,西區,臺中市西區四維街3巷1號,臺中市西區利民里5鄰四維街3巷1號,120.676286,24.136462,0.9091,OK,1
219,215,臺中市西區福人街90巷3號,1,04-23731819,,,,,正覺佛堂,西區,臺中市西區福人街90巷3號,臺中市西區昇平里33鄰福人街90巷3號,120.659097,24.143207,0.9212,OK,1
220,216,臺中市西區中美街477號,1,04-23251975,,,,,臺中市長春堂,西區,臺中市西區中美街477號,臺中市西區忠明里1鄰中美街477號,120.661117,24.15541,0.9185,OK,1
221,217,臺中市西區柳川東路二段125巷16號,1,04-23727364,,,,,財團法人臺中市上公館福德宮,西區,臺中市西區柳川東路二段125巷16號,臺中市西區公民里12鄰柳川東路二段125巷16號,120.668998,24.136891,0.9412,OK,1
222,218,臺中市西區中興街136號,1,04-23058986,,,,,台中上天宮,西區,臺中市西區中興街136號,臺中市西區中興里2鄰中興街136號,120.663163,24.148724,0.8632,OK,1
223,219,臺中市西區五廊街102號,1,04-23721541,,,,,台中臨水宮,西區,臺中市西區五廊街102號,臺中市西區公民里21鄰五廊街102號,120.666904,24.138567,0.9185,OK,1
224,220,臺中市西區篤行路146巷13號,1,04-22018833,,,,,民德堂,西區,臺中市西區篤行路146巷13號,臺中市西區和龍里7鄰篤行路146巷13號,120.674966,24.150171,0.9268,OK,1
225,221,臺中市西區南屯路大忠南街115號,1,04-23711636,,,,,能仁寺,西區,臺中市西區南屯路大忠南街115號,臺中市西區公?里7鄰南屯路一段113號,120.661899,24.131971,0.6862,,1
226,222,臺中市西區大進街153號,1,04-23897233,,,,,臺中市東興福德廟,西區,臺中市西區大進街153號,臺中市西區公正里20鄰大進街153號,120.651074,24.14448,0.9143,OK,1
227,223,臺中市西區三民西路56號,1,04-23719614,,,,,財團法人臺中市奉順宮,西區,臺中市西區三民西路56號,臺中市西區公?里10鄰三民西路56號,120.66677,24.13159,0.9280,OK,1
228,224,臺中市西區南屯路一段230號,1,04-23710418,,,,,德順宮,西區,臺中市西區南屯路大忠南街115號,臺中市西區公?里7鄰南屯路一段113號,120.661899,24.131971,0.6397,,0
229,225,臺中市西區長春街27號,1,04-23278737,,,,,麻園頭福德祠,西區,臺中市西區長春街27號,臺中市西區忠明里25鄰長春街23號,120.661016,24.153911,0.8579,medium,1
230,226,臺中市西區美村路一段41之5號,1,04-23253274,,,,,台中興農宮,西區,臺中市西區美村路一段41之5號,臺中市西區忠明里6鄰美村路一段41之5號,120.662187,24.153308,0.9333,OK,1
231,227,臺中市西區大全街61巷6-1號,1,04-23727089，前,,,,,臺中市西區藍興福德祠,西區,臺中市西區大全街61巷6-1號,臺中市西區藍興里8鄰大全街61巷6之1號,120.669401,24.13391,0.9105,OK,1
232,228,臺中市西區昇平街51號,1,,,,,,昇平老人文康中心,西區,臺中市西區昇平街51號,臺中市西區昇平里10鄰昇平街51號,120.662556,24.145269,0.8647,OK,1
233,229,臺中市西區華美西街203號之1,1,,,,,,忠誠活動中心,西區,臺中市西區華美西街203號之1,臺中市西區忠誠里17鄰華美西街一段203之1號,120.662888,24.160647,0.8300,OK,1
234,230,臺中市西區精誠23街30號,1,3樓,yes,3,,,大益活動中心,西區,臺中市西區精誠二十三街30號,臺中市西區公德里17鄰精誠二十三街30號,120.656478,24.145813,0.6632,OK,0
235,231,臺中市南區工學路72號,3,3-5樓,yes,,3-5,,南區區公所,南區,臺中市南區工學路72號,臺中市南區南和里5鄰工學路72號,120.663793,24.11709,0.9262,OK,0
236,232,臺中市南區德富路100號,1,,,,,,樹德里大慶活動中心,南區,臺中市南區德富路100號,臺中市南區樹德里22鄰德富路100號,120.654196,24.119614,0.9143,OK,1
237,233,臺中市南區國光路11號、20號,2,,,,,,長榮里活動中心、醒修宮,南區,臺中市南區國光路11號、20號,臺中市南區長榮里9鄰國光路11號,120.67662,24.132277,0.7400,Multi,1
238,234,臺中市南區復興路2段71巷31弄11號,1,,,,,,和平里活動中心,南區,臺中市南區復興路2段71巷31弄11號,臺中市南區和平里2鄰復興路二段71巷31弄11號,120.658923,24.12215,0.8049,OK,1
239,235,臺中市南區復興北路186號,1,,,,,,和平里福德祠,南區,臺中市南區復興路3段158號,臺中市南區新榮里3鄰復興路三段156號,120.674105,24.130484,0.8497,,0
240,236,臺中市南區五權南路335號,1,,,,,,南區圖書館,南區,臺中市南區五權南路335號,臺中市南區平和里5鄰五權南路335號,120.669748,24.120119,0.9280,OK,1
241,237,臺中市南區美和街97號,1,,,,,,平和里下橋福德祠,南區,臺中市南區美和街97號,臺中市南區平和里8鄰美和街95號,120.665744,24.121721,0.8931,OK,1
242,238,臺中市南區五權南路370號,1,,,,,,平和里尊天宮,南區,臺中市南區五權南路335號,臺中市南區平和里5鄰五權南路335號,120.669748,24.120119,0.6000,,0
243,239,臺中市南區瑞光街33號,1,,,,,,南門里活動中心,南區,臺中市南區瑞光街33號,臺中市南區南門里25鄰瑞光街31號,120.682043,24.12151,0.8688,OK,1
244,240,臺中市南區文林街20號,1,,,,,,福平里辦公處,南區,臺中市南區文林街20號,臺中市南區福平里14鄰文林街20號,120.664081,24.126638,0.9071,OK,1
245,241,臺中市南區復興路3段158號,1,,,,,,福平里活動中心,南區,臺中市南區復興路3段157號,臺中市南區新榮里4鄰復興路三段157號,120.673459,24.130685,0.6862,medium,0
246,242,臺中市南區柳川西路1段59號,2,,,,,,崇仁活動中心,南區,臺中市南區柳川西路1段59號,臺中市南區西川里9鄰柳川西路一段59號,120.660583,24.13143,0.6833,OK,1
247,243,臺中市南區新華街168號,1,,,,,,新榮里活動中心,南區,臺中市南區新華街168號,臺中市南區新榮里2鄰新華街168號,120.672313,24.129308,0.9455,OK,1
248,244,臺中市南區工學三街25號,1,,,,,,南和里活動中心,南區,臺中市南區工學三街25號,臺中市南區南和里4鄰工學三街25號,120.663198,24.117532,0.9319,OK,1
249,245,臺中市南區崇倫街52-3號,1,,,,,,崇倫里活動中心,南區,臺中市南區崇倫街52-3號,臺中市南區崇倫里19鄰崇倫街52之3號,120.657329,24.128708,0.9024,OK,1
250,246,臺中市南區建成路1775巷2之1號,1,,,,,,江川里辦公處,南區,臺中市南區建成路1775巷2之1號,臺中市南區江川里1鄰建成路1775巷2之1號,120.671133,24.125862,0.9263,OK,1
251,247,臺中市南區福義路32號,1,,,,,,樹義里辦公處,南區,臺中市南區福義路32號,臺中市南區樹義里24鄰福義路32號,120.655188,24.108235,0.9185,OK,1
252,248,臺中市南區五權南路657號,1,,,,,,永和里活動中心,南區,臺中市南區五權南路657號,臺中市南區永和里11鄰五權南路657號,120.669995,24.114576,0.9231,OK,1
253,249,臺中市南區正義街236號,1,,,,,,國光里活動中心,南區,臺中市南區正義街236號,臺中市南區國光里23鄰正義街236號,120.680961,24.126816,0.9214,OK,1
254,250,臺中市南區長春里合作街6號,1,,,,,,長春閱覽室,南區,臺中市南區長春里合作街6號,臺中市南區長春里20鄰合作街6號,120.679215,24.13348,0.9643,OK,1
255,251,臺中市南區愛國街80號,1,,,,,,萬安集會所,南區,臺中市南區愛國街80號,臺中市南區長春里29鄰愛國街80號,120.6782,24.130745,0.9067,OK,1
256,252,臺中市南區福德街157號,1,,,,,,福順集會所,南區,臺中市南區福德街157號,臺中市南區福順里16鄰福德街157號,120.664726,24.123782,0.9030,OK,1
257,253,臺中市南區復新街89號,4,,,,,,中興活動中心,南區,臺中市南區復新街89號,臺中市南區積善里1鄰復新街89號,120.675923,24.124644,0.9000,OK,1
258,254,臺中市中區成功路300號,1,3樓,yes,3,,,中區區公所,中區,臺中市中區成功路300號,臺中市中區柳川里12鄰成功路300號,120.679527,24.143929,0.9037,OK,1
259,255,臺中市中區成功路300號,1,7樓,yes,7,,,中區圖書館,中區,臺中市中區成功路300號,臺中市中區柳川里12鄰成功路300號,120.679527,24.143929,0.9037,OK,0
260,256,臺中市中區平等街110號,1,,,,,,財團法人臺中市大覺院,中區,臺中市中區平等街110號,臺中市中區光復里21鄰平等街110號,120.681676,24.142321,0.9214,OK,1
261,257,臺中市中區中山路328號,1,,,,,,財團法人臺中市順天宮輔順將軍廟,中區,臺中市中區中山路328號,臺中市中區中華里15鄰中山路328號,120.676383,24.144284,0.9230,OK,1
262,258,臺中市中區建國路159巷27號,1,,,,,,財團法人臺中市幸天宮,中區,臺中市中區建國路159巷27號,臺中市中區綠川里10鄰建國路159巷27號,120.684747,24.138413,0.9211,OK,1
263,259,臺中市中區成功路212號,1,,,,,,萬春宮,中區,臺中市中區成功路212號,臺中市中區光復里20鄰成功路212號,120.681625,24.142081,0.9154,OK,1
264,260,臺中市中區三民路二段87號,1,,,,,,武德宮,中區,臺中市中區三民路二段87號,臺中市中區大墩里10鄰三民路二段85號,120.678994,24.14209,0.8583,medium,1
265,261,臺中市中區民族路121巷10號,1,,,,,,國姓廟,中區,臺中市中區民族路121巷10號,臺中市中區大墩里16鄰民族路121巷10號,120.678098,24.140529,0.9176,OK,1
266,262,臺中市中區吉祥街13號,1,,,,,,玄靈道院,中區,臺中市中區吉祥街13號,臺中市中區柳川里14鄰吉祥街13號,120.679465,24.144764,0.9133,OK,1
267,263,臺中市中區光復路152號,1,,,,,,光明寺,中區,臺中市中區光復路152號,臺中市中區大誠里22鄰光復路152號,120.679045,24.145906,0.9063,OK,1
268,264,臺中市中區柳川西路三段36號,1,(仁愛醫院對面),,,,,水仙宮,中區,臺中市中區柳川西路三段36號,臺中市中區大誠里8鄰柳川西路三段36號,120.676794,24.143939,0.9067,OK,1
269,265,臺中市中區民族路59號,1,,,,,,財團法人臺灣基督長老教會臺中市十字園,中區,臺中市中區民族路59號,臺中市中區公園里1鄰民族路59號,120.680815,24.138261,0.9250,OK,1
270,266,臺中市中區民族路59號,1,,,,,,財團法人基督教長老教會,中區,臺中市中區民族路59號,臺中市中區公園里1鄰民族路59號,120.680815,24.138261,0.9250,OK,0
271,267,臺中市中區三民路二段42號,1,,,,,,財團法人臺灣臺中聖教會,中區,臺中市中區三民路二段42號,臺中市中區大墩里6鄰三民路二段42號,120.678434,24.141088,0.9133,OK,1
272,268,臺中市中區興中街119號,1,,,,,,財團法人臺灣基督長老教會臺中柳原教會,中區,臺中市中區興中街119號,臺中市中區柳川里25鄰興中街119號,120.680797,24.146045,0.9097,OK,1
273,269,臺中市中區三民路二段100號,1,,,,,,耶穌救主總堂,中區,臺中市中區三民路二段100號,臺中市中區大墩里21鄰三民路二段100號,120.680105,24.14261,0.9067,OK,1
274,270,臺中市中區市府路103號,1,,,,,,聖母聖心修女會德蕾會院,中區,臺中市中區市府路103號,臺中市中區公園里19鄰市府路103號,120.681037,24.140716,0.9214,OK,1
275,271,臺中市中區光復路136號,1,,,,,,耶穌聖心修女會聖心會院,中區,臺中市中區光復路136號,臺中市中區柳川里16鄰光復路136號,120.679551,24.145276,0.9067,OK,1
276,272,臺中市中區公園路115號,1,,,,,,真耶穌教會臺中教會,中區,臺中市中區公園路115號,臺中市中區大誠里32鄰公園路115號,120.679014,24.146719,0.9000,OK,1
277,273,臺中市中區公園路2號,1,4樓之40,yes,4,,,臺中市召會第二會所,中區,臺中市中區公園路2號,臺中市中區繼光里12鄰公園路2號,120.685584,24.141635,0.8933,OK,1
278,274,臺中市中區民族路59號,1,,,,,,民族路長老教會,中區,臺中市中區民族路59號,臺中市中區公園里1鄰民族路59號,120.680815,24.138261,0.9250,OK,0
279,275,臺中市豐原區陽明街36號,4,（陽明市政大樓4樓）,yes,4,,,臺中市政府教育局,豐原區,臺中市豐原區陽明街36號,臺中市豐原區陽明里7鄰陽明街20號,120.720034,24.24723,0.6273,,0
280,276,臺中市東勢區東關路481-1號,1,（濟安宮）,,,,,詒福里辦公處,東勢區,臺中市東勢區東關路481-1號,臺中市東勢區詒福里4鄰東關路481之1號,120.835198,24.226801,0.9200,OK,1
281,277,臺中市東勢區石城街216號,1,,,,,,石城復興宮,東勢區,臺中市東勢區石城街216號,臺中市東勢區茂興里14鄰石城街8之3號,120.795273,24.286102,0.6129,,1
282,278,臺中市東勢區石城街178號,1,,,,,,茂興泰興聯合里辦公處,東勢區,臺中市東勢區石城街216號,臺中市東勢區茂興里14鄰石城街8之3號,120.795273,24.286102,0.5788,,0
283,279,臺中市東勢區東關路民安巷39號,1,,,,,,民安宮,東勢區,臺中市東勢區東關路民安巷39號,臺中市東勢區新盛里7鄰東關路民安巷39號,120.829532,24.24524,0.9257,OK,1
284,280,臺中市西屯區臺灣大道三段99號,2,惠中樓3樓，南側、北側,yes,3,,,臺中市政府社會局,西屯區,臺中市西屯區臺灣大道三段99號,臺中市西屯區惠來里3鄰臺灣大道三段99號,120.647297,24.161989,0.9417,OK,0
285,281,臺中市潭子區中山路2段241巷7號,5,,,,,,臺中市政府社會局(身心障礙福利服務中心),潭子區,臺中市潭子區中山路2段241巷7號,臺中市潭子區甘蔗里1鄰中山路二段241巷7號,120.703934,24.2098,0.7567,OK,1
286,282,臺中市東勢區東蘭路1-4附1號,1,,,,,,臺中市政府社會局(老人福利服務中心),東勢區,臺中市東勢區東蘭路1-4附1號,臺中市東勢區粵寧里1鄰東蘭路1之4號附1,120.826892,24.260744,0.7109,OK,1
287,283,臺中市北區北平路一段65號,1,,,,,,臺中市政府社會局(長青服務中心),北區,臺中市北區雙十路一段65號,臺中市北區新興里3鄰雙十路一段65號,120.685634,24.144098,0.6696,,0
288,284,臺中市沙鹿區福幼街8號,1,,,,,,臺中市政府社會局(兒童福利服務中心),沙鹿區,臺中市沙鹿區福幼街8號,臺中市沙鹿區福興里18鄰福幼街8號,120.56524,24.230904,0.9429,OK,1
289,285,臺中市大里區新光路32號,1,,,,,,臺中市政府社會局(兒童青少年福利服務中心),大里區,臺中市大里區新光路32號,臺中市大里區內新里30鄰新光路32號,120.691791,24.110606,0.9063,OK,1
290,286,臺中市大甲區水源路169號,1,,,,,,臺中市政府社會局(大甲婦女福利服務中心),大甲區,臺中市大甲區水源路169號,臺中市大甲區中山里7鄰水源路169號,120.627098,24.341078,0.9383,OK,1
291,287,臺中市西區三民路一段178號,1,第一分局,,,,,臺中市政府警察局第一分局西區派出所,西區,臺中市西區三民路一段178號,臺中市西區三民里2鄰三民路一段178號,120.675788,24.138263,0.8925,OK,1
292,288,臺中市西區民權路258號,1,第一分局,,,,,臺中市政府警察局第一分局民權派出所,西區,臺中市西區民權路258號,臺中市西區後龍里19鄰民權路258號,120.670771,24.146209,0.9120,OK,1
293,289,臺中市西區精誠二十三街30號,1,第一分局,,,,,臺中市政府警察局第一分局公益派出所,西區,臺中市西區精誠二十三街30號,臺中市西區公德里17鄰精誠二十三街30號,120.656478,24.145813,0.9212,OK,1
294,290,臺中市中區中山路9號,1,第一分局,,,,,臺中市政府警察局第一分局繼中派出所,中區,臺中市中區中山路9號,臺中市中區綠川里6鄰中山路9號,120.683767,24.137301,0.8929,OK,1
295,291,臺中市中區成功路300號,1,第一分局,,,,,臺中市政府警察局第一分局大誠分駐所,中區,臺中市中區成功路300號,臺中市中區柳川里12鄰成功路300號,120.679527,24.143929,0.9037,OK,0
296,292,臺中市北區太原路二段228號,1,第二分局，1樓,yes,1,,,臺中市政府警察局第二分局永興派出所,北區,臺中市北區太原路二段228號,臺中市北區賴福里18鄰太原路二段228號,120.682164,24.165003,0.9143,OK,1
297,293,臺中市北區三民路三段128號,1,第二分局,,,,,臺中市政府警察局第二分局育才派出所,北區,臺中市北區三民路三段128號,臺中市北區新北里7鄰三民路三段128號,120.684636,24.150452,0.9287,OK,1
298,294,臺中市北區臺灣大道一段700號,1,第二分局,,,,,臺中市政府警察局第二分局文正派出所,北區,臺中市北區臺灣大道一段700號,臺中市北區六合里2鄰臺灣大道一段700號,120.674657,24.146994,0.9290,OK,1
299,295,臺中市北區天津路一段2號,1,第二分局,,,,,臺中市政府警察局第二分局立人派出所,北區,臺中市北區天津路一段2號,臺中市北區長青里13鄰天津路一段2號,120.668442,24.169845,0.9172,OK,1
300,296,臺中市北區雙十路一段65號,1,第二分局,,,,,臺中市政府警察局第二分局公園派出所,北區,臺中市北區雙十路一段65號,臺中市北區新興里3鄰雙十路一段65號,120.685634,24.144098,0.9335,OK,1
301,297,臺中市東區振興路6號,1,第三分局,,,,,臺中市政府警察局第三分局立德派出所,東區,臺中市東區振興路6號,臺中市東區新庄里24鄰振興路6號,120.689908,24.135764,0.9259,OK,1
302,298,臺中市東區力行路202號,1,第三分局,,,,,臺中市政府警察局第三分局合作派出所,東區,臺中市東區力行路202號,臺中市東區合作里20鄰力行路42之1號,120.696341,24.15104,0.6262,,1
303,299,臺中市南區美村南路8號,1,第三分局,,,,,臺中市政府警察局第三分局健康派出所,南區,臺中市南區美村南路8號,臺中市南區平和里4鄰美村南路8號,120.666904,24.119662,0.9250,OK,1
304,300,臺中市南區復興路3段157號,1,第三分局,,,,,臺中市政府警察局第三分局正義派出所,南區,臺中市南區復興路3段157號,臺中市南區新榮里4鄰復興路三段157號,120.673459,24.130685,0.7095,OK,1
305,301,臺中市南屯區向心南路811號,1,第四分局,,,,,臺中市政府警察局第四分局警備隊,南屯區,臺中市南屯區向心南路811號,臺中市南屯區豐樂里13鄰向心南路811號,120.643438,24.13421,0.9086,OK,1
306,302,臺中市南屯區大墩路229號,1,第四分局,,,,,臺中市政府警察局第四分局大墩派出所,南屯區,臺中市南屯區大墩路229號,臺中市南屯區同心里1鄰大墩路229號,120.649707,24.141979,0.9310,OK,1
307,303,臺中市南屯區黎明路一段1056號,1,第四分局,,,,,臺中市政府警察局第四分局南屯派出所,南屯區,臺中市南屯區黎明路一段1056號,臺中市南屯區南屯里14鄰黎明路一段1056號,120.638308,24.139511,0.9400,OK,1
308,304,臺中市南屯區忠勇路23之5號,1,第四分局,,,,,臺中市政府警察局第四分局春社派出所,南屯區,臺中市南屯區忠勇路23之5號,臺中市南屯區春社里17鄰忠勇路23之5號,120.611526,24.135865,0.9314,OK,1
309,305,臺中市南屯區干城街2號,1,第四分局,,,,,臺中市政府警察局第四分局黎明派出所,南屯區,臺中市南屯區干城街2號,臺中市南屯區黎明里4鄰干城街2號,120.633999,24.155888,0.9185,OK,1
310,306,臺中市北屯區崇德路三段2號,1,第五分局,,,,,臺中市政府警察局第五分局四平派出所,北屯區,臺中市北屯區崇德路三段2號,臺中市北屯區仁和里7鄰崇德路三段2號,120.686531,24.182004,0.9280,OK,1
311,307,臺中市北屯區北屯路106號,1,第五分局,,,,,臺中市政府警察局第五分局北屯派出所,北屯區,臺中市北屯區北屯路106號,臺中市北屯區北興里1鄰北屯路106號,120.693798,24.163835,0.9385,OK,1
312,308,臺中市北屯區文昌東三街48號,1,第五分局,,,,,臺中市政府警察局第五分局文昌派出所,北屯區,臺中市北屯區文昌東三街48號,臺中市北屯區平德里7鄰文昌東三街48號,120.680708,24.170395,0.9385,OK,0
313,309,臺中市北屯區松竹路2段5號,1,第五分局,,,,,臺中市政府警察局第五分局松安派出所,北屯區,臺中市北屯區松竹路2段5號,臺中市北屯區舊社里18鄰松竹路二段5號,120.699868,24.182343,0.7065,OK,1
314,310,臺中市北屯區東山路2段30號,1,第五分局,,,,,臺中市政府警察局第五分局東山派出所,北屯區,臺中市北屯區東山路2段30號,臺中市北屯區東山里10鄰東山路二段30號,120.74039,24.179189,0.6749,OK,1
315,311,臺中市北屯區中清路2段299號,1,第五分局,,,,,臺中市政府警察局第五分局水湳派出所,北屯區,臺中市北屯區中清路二段299號,臺中市北屯區新平里2鄰中清路二段299號,120.668166,24.178458,0.6882,OK,0
316,312,臺中市西屯區市政路456號,1,第六分局,,,,,臺中市政府警察局第六分局暨市政派出所,西屯區,臺中市西屯區市政路456號,臺中市西屯區惠來里6鄰市政路456號,120.639022,24.159492,0.9417,OK,1
317,313,臺中市西屯區甘肅路1段106號,1,第六分局,,,,,臺中市政府警察局第六分局何安派出所,西屯區,臺中市西屯區甘肅路1段106號,臺中市西屯區何德里12鄰甘肅路一段106號,120.659118,24.166222,0.7184,OK,1
318,314,臺中市西屯區西屯路3段40號,1,第六分局,,,,,臺中市政府警察局第六分局西屯派出所,西屯區,臺中市西屯區西屯路三段40號,臺中市西屯區西墩里2鄰西屯路三段40號,120.637955,24.181053,0.6984,OK,0
319,315,臺中市西屯區臺灣大道4段1347號,1,第六分局,,,,,臺中市政府警察局第六分局協和派出所,西屯區,臺中市西屯區台灣大道四段1347號,臺中市西屯區福恩里18鄰臺灣大道四段1347號,120.6089,24.183859,0.7118,OK,0
320,316,臺中市西屯區工業區五路2號,1,第六分局,,,,,臺中市政府警察局第六分局工業區派出所,西屯區,臺中市西屯區工業區五路2號,臺中市西屯區協和里12鄰工業區五路2號,120.60787,24.168762,0.9333,OK,1
321,317,臺中市豐原區中山路225號,2,豐原分局,,,,,臺中市政府警察局豐原分局,豐原區,臺中市豐原區中山路225號,臺中市豐原區田心里10鄰中山路225號,120.713565,24.243684,0.9304,OK,1
322,318,臺中市豐原區西安街21號,1,豐原分局,,,,,臺中市政府警察局豐原分局豐原派出所,豐原區,臺中市豐原區西安街21號,臺中市豐原區西勢里5鄰西安街21之1號,120.714204,24.248864,0.8708,medium,0
323,319,臺中市豐原區育英路52號,1,豐原分局,,,,,臺中市政府警察局豐原分局合作派出所,豐原區,臺中市豐原區育英路52號,臺中市豐原區田心里24鄰育英路52號,120.716078,24.242961,0.9308,OK,1
324,320,臺中市豐原區東北街1-1號,1,豐原分局,,,,,臺中市政府警察局豐原分局頂街派出所,豐原區,臺中市豐原區東北街1-1號,臺中市豐原區豐原里5鄰東北街1之1號,120.72306,24.254922,0.9231,OK,1
325,321,臺中市豐原區豐東路162號,1,豐原分局,,,,,臺中市政府警察局豐原分局豐東派出所,豐原區,臺中市豐原區豐東路162號,臺中市豐原區北陽里11鄰豐東路162號,120.730496,24.248612,0.9133,OK,1
326,322,臺中市豐原區豐勢路二段10號,1,豐原分局,,,,,臺中市政府警察局豐原分局翁子派出所,豐原區,臺中市豐原區豐勢路二段10號,臺中市豐原區翁子里6鄰豐勢路二段10號,120.736441,24.260689,0.8970,OK,1
327,323,臺中市潭子區中山路二段241巷3號,1,豐原分局,,,,,臺中市政府警察局豐原分局潭子分駐所,潭子區,臺中市潭子區中山路二段241巷3號,臺中市潭子區潭陽里22鄰中山路二段241巷3號,120.704648,24.209768,0.9200,OK,1
328,324,臺中市潭子區潭子街三段56號,1,豐原分局,,,,,臺中市政府警察局豐原分局潭北派出所,潭子區,臺中市潭子區潭子街三段56號,臺中市潭子區潭北里3鄰潭子街三段56號,120.706705,24.214771,0.9235,OK,1
329,325,臺中市潭子區得天南街37巷57號,1,豐原分局,,,,,臺中市政府警察局豐原分局頭家派出所,潭子區,臺中市潭子區得天南街37巷57號,臺中市潭子區家福里3鄰得天南街37巷57號,120.699908,24.193197,0.9250,OK,1
330,326,臺中市大雅區永興路168號,1,豐原分局,,,,,臺中市政府警察局豐原分局大雅分駐所,大雅區,臺中市大雅區永興路168號,臺中市大雅區大雅里17鄰永興路168號,120.648226,24.223631,0.9310,OK,1
331,327,臺中市大雅區雅潭路四段20號,1,豐原分局,,,,,臺中市政府警察局豐原分局馬岡派出所,大雅區,臺中市大雅區雅潭路四段20號,臺中市大雅區三和里6鄰雅潭路四段20號,120.667308,24.21616,0.9411,OK,1
332,328,臺中市神岡區神岡路121號,1,豐原分局,,,,,臺中市政府警察局豐原分局神岡分駐所,神岡區,臺中市神岡區神岡路121號,臺中市神岡區神岡里18鄰神岡路121號,120.658849,24.256609,0.9333,OK,1
333,329,臺中市神岡區中山路516號,1,豐原分局,,,,,臺中市政府警察局豐原分局社口派出所,神岡區,臺中市神岡區中山路516號,臺中市神岡區社口里22鄰中山路516號,120.68525,24.24681,0.9000,OK,1
334,330,臺中市神岡區豐洲路489號,1,豐原分局,,,,,臺中市政府警察局豐原分局豐洲派出所,神岡區,臺中市神岡區豐洲路489號,臺中市神岡區豐洲里15鄰豐洲路489號,120.703719,24.26171,0.9086,OK,1
335,331,臺中市霧峰區中正路1236號,2,霧峰分局,,,,,臺中市政府警察局霧峰分局,霧峰區,臺中市霧峰區中正路1236號,臺中市霧峰區吉峰里13鄰中正路1236號,120.700173,24.075296,0.9063,OK,1
336,332,臺中市霧峰區中正路1236號,1,霧峰分局,,,,,臺中市政府警察局霧峰分局吉峰派出所,霧峰區,臺中市霧峰區中正路1236號,臺中市霧峰區吉峰里13鄰中正路1236號,120.700173,24.075296,0.9063,OK,0
337,333,臺中市霧峰區本鄉里民權街37號,1,霧峰分局,,,,,臺中市政府警察局霧峰分局霧峰派出所,霧峰區,臺中市霧峰區本鄉里民權街37號,臺中市霧峰區本鄉里5鄰民權街37號,120.700395,24.066867,0.9708,OK,1
338,334,臺中市霧峰區萬豐里中正路157號,1,霧峰分局,,,,,臺中市政府警察局霧峰分局萬豐派出所,霧峰區,臺中市霧峰區萬豐里中正路157號,臺中市霧峰區萬豐里6鄰中正路163之1號,120.696599,24.026225,0.7415,medium,1
339,335,臺中市霧峰區中正里四德路541號,1,霧峰分局,,,,,臺中市政府警察局霧峰分局四德派出所,霧峰區,臺中市霧峰區中正里四德路82號,臺中市霧峰區中正里12鄰四德路82號,120.696301,24.065558,0.7244,,0
340,336,臺中市霧峰區中正里四德路82號,1,霧峰分局,,,,,臺中市政府警察局霧峰分局霧峰交通分隊,霧峰區,臺中市霧峰區中正里四德路82號,臺中市霧峰區中正里12鄰四德路82號,120.696301,24.065558,0.9704,OK,1
341,337,臺中市大里區成功路9號,1,霧峰分局,,,,,臺中市政府警察局霧峰分局成功派出所,大里區,臺中市大里區成功路9號,臺中市大里區金城里35鄰成功路9號,120.697711,24.084811,0.9071,OK,1
342,338,臺中市大里區仁化里仁化路198號,1,霧峰分局,,,,,臺中市政府警察局霧峰分局仁化派出所,大里區,臺中市大里區仁化里仁化路198號,臺中市大里區仁化里28鄰仁化路198號,120.71541,24.094639,0.9655,OK,1
343,339,臺中市大里區新里里新興路5號,1,霧峰分局,,,,,臺中市政府警察局霧峰分局大里分駐所,大里區,臺中市大里區新里里新興路5號,臺中市大里區新里里11鄰新興路5號,120.676869,24.097989,0.9667,OK,1
344,340,臺中市大里區新里里永大街136號,1,霧峰分局,,,,,臺中市政府警察局霧峰分局國光派出所,大里區,臺中市大里區新里里永大街136號,臺中市大里區新里里26鄰永大街136號,120.679463,24.106959,0.9636,OK,1
345,341,臺中市大里區立德里立元路115號,1,霧峰分局,,,,,臺中市政府警察局霧峰分局十九甲派出所,大里區,臺中市大里區立德里立元路115號,臺中市大里區立德里18鄰立元路115號,120.700151,24.102318,0.9750,OK,1
346,342,臺中市大里區內新里中興路二段598號,1,霧峰分局,,,,,臺中市政府警察局霧峰分局內新派出所,大里區,臺中市大里區內新里中興路二段598號,臺中市大里區內新里5鄰中興路二段598號,120.689821,24.115149,0.9750,OK,1
347,343,臺中市烏日區中山路二段309號,1,烏日分局,,,,,臺中市政府警察局烏日分局,烏日區,臺中市烏日區中山路二段309號,臺中市烏日區烏日里27鄰中山路二段309號,120.622755,24.10605,0.9200,OK,1
348,344,臺中市烏日區三和里三榮八路25號,1,烏日分局,,,,,臺中市政府警察局烏日分局三和派出所,烏日區,臺中市烏日區三和里三榮八路25號,臺中市烏日區三和里13鄰三榮八路25號,120.602885,24.108003,0.9655,OK,1
349,345,臺中市烏日區五光路281號,1,烏日分局,,,,,臺中市政府警察局烏日分局五光派出所,烏日區,臺中市烏日區五光路281號,臺中市烏日區五光里8鄰五光路279號,120.64819,24.093014,0.6428,,1
350,346,臺中市烏日區溪南路2段638號,1,烏日分局,,,,,臺中市政府警察局烏日分局溪南派出所,烏日區,臺中市烏日區溪南路2段638號,臺中市烏日區北里里9鄰溪南路二段638號,120.646201,24.056447,0.7360,OK,1
351,347,臺中市大肚區沙田路3段38號,1,烏日分局,,,,,臺中市政府警察局烏日分局大肚分駐所,大肚區,臺中市大肚區沙田路3段38號,臺中市大肚區頂街里14鄰沙田路三段38號,120.544426,24.155007,0.6984,OK,1
352,348,臺中市大肚區沙田路1段290號,1,烏日分局,,,,,臺中市政府警察局烏日分局追分派出所,大肚區,臺中市大肚區沙田路1段290號,臺中市大肚區王田里26鄰沙田路一段290號,120.570339,24.121449,0.7126,OK,1
353,349,臺中市大肚區遊園路1段1之1號,1,烏日分局,,,,,臺中市政府警察局烏日分局瑞井派出所,大肚區,臺中市大肚區遊園路1段1之1號,臺中市大肚區瑞井里11鄰遊園路一段1之1號,120.57019,24.152025,0.7217,OK,1
354,350,臺中市龍井區沙田路4段245號,1,烏日分局,,,,,臺中市政府警察局烏日分局龍井分駐所,龍井區,臺中市龍井區沙田路4段245號,臺中市龍井區竹坑里1鄰沙田路四段245號,120.545677,24.191769,0.7036,OK,1
355,351,臺中市龍井區中央路1段165巷36號,1,烏日分局,,,,,臺中市政府警察局烏日分局龍津派出所,龍井區,臺中市龍井區中央路1段165巷36號,臺中市龍井區龍津里9鄰中央路一段165巷36號,120.522845,24.20093,0.7550,OK,1
356,352,臺中市龍井區茄投路67號,1,烏日分局,,,,,臺中市政府警察局烏日分局龍東派出所,龍井區,臺中市龍井區茄投路67號,臺中市龍井區龍東里8鄰茄投路67號,120.530428,24.178659,0.9152,OK,1
357,353,臺中市龍井區臨港東路2段317號,1,烏日分局,,,,,臺中市政府警察局烏日分局麗水派出所,龍井區,臺中市龍井區臨港東路2段317號,臺中市龍井區福田里2鄰臨港東路二段317號,120.514633,24.197871,0.7389,OK,1
358,354,臺中市龍井區遊園南路194號,1,烏日分局,,,,,臺中市政府警察局烏日分局犁份派出所,龍井區,臺中市龍井區遊園南路194號,臺中市龍井區新庄里14鄰遊園南路194號,120.584018,24.182625,0.9357,OK,1
359,355,臺中市清水區鰲峰路23號,1,清水分局,,,,,臺中市政府警察局清水分局,清水區,臺中市清水區鰲峰路23號,臺中市清水區南寧里17鄰鰲峰路23號,120.574084,24.269256,0.9032,OK,1
360,356,臺中市清水區鰲峰路27號,1,清水分局,,,,,臺中市政府警察局清水分局偵查隊,清水區,臺中市清水區鰲峰路27號,臺中市清水區南寧里17鄰鰲峰路27號,120.573747,24.26932,0.9063,OK,1
361,357,臺中市清水區五權路438號,1,清水分局,,,,,臺中市政府警察局清水分局大秀派出所,清水區,臺中市清水區五權路438號,臺中市清水區武鹿里3鄰五權路438號,120.553668,24.280301,0.9000,OK,1
362,358,臺中市清水區中山路559號,1,清水分局,,,,,臺中市政府警察局清水分局三田派出所,清水區,臺中市清水區中山路559號,臺中市清水區下湳里1鄰中山路559號,120.588192,24.292991,0.9250,OK,1
363,359,臺中市清水區鰲峰路23號,1,清水分局,,,,,臺中市政府警察局清水分局清水派出所,清水區,臺中市清水區鰲峰路23號,臺中市清水區南寧里17鄰鰲峰路23號,120.574084,24.269256,0.9032,OK,0
364,360,臺中市清水區神清路46號,1,清水分局,,,,,臺中市政府警察局清水分局大楊派出所,清水區,臺中市清水區神清路46號,臺中市清水區東山里5鄰神清路46號,120.631106,24.273233,0.9259,OK,1
365,361,臺中市清水區護岸路29號,1,清水分局,,,,,臺中市政府警察局清水分局高美派出所,清水區,臺中市清水區護岸路29號,臺中市清水區高美里5鄰護岸路29號,120.562452,24.311364,0.9059,OK,1
366,362,臺中市沙鹿區鎮政路12號,1,清水分局,,,,,臺中市政府警察局清水分局沙鹿分駐所,沙鹿區,臺中市沙鹿區鎮政路12號,臺中市沙鹿區北勢里25鄰鎮政路12號,120.566327,24.234551,0.9259,OK,1
367,363,臺中市沙鹿區鎮南路1段450號,1,清水分局,,,,,臺中市政府警察局清水分局明秀派出所,沙鹿區,臺中市沙鹿區鎮南路1段450號,臺中市沙鹿區南勢里10鄰鎮南路一段450號,120.571259,24.215946,0.7352,OK,1
368,364,臺中市沙鹿區光華路387號,1,清水分局,,,,,臺中市政府警察局清水分局光華派出所,沙鹿區,臺中市沙鹿區光華路387號,臺中市沙鹿區鹿寮里35鄰光華路387號,120.567693,24.244206,0.8974,OK,1
369,365,臺中市沙鹿區中清路6段176號,1,清水分局,,,,,臺中市政府警察局清水分局清泉派出所,沙鹿區,臺中市沙鹿區北勢里鎮政路16號,臺中市沙鹿區北勢里25鄰鎮政路16號,120.566404,24.234816,0.5374,,0
370,366,臺中市梧棲區中興路210號,1,清水分局,,,,,臺中市政府警察局清水分局梧棲分駐所,梧棲區,臺中市梧棲區中興路210號,臺中市梧棲區中正里24鄰中興路210號,120.53386,24.254859,0.9308,OK,1
370,396,臺中市和平區南勢里東關路三段270號,1,和平分局,,,,,臺中市政府警察局和平分局和平派出所,和平區,臺中市和平區南勢里東關路三段270號,臺中市和平區南勢里14鄰東關路三段270號,120.869642,24.169203,0.9692,OK,1
371,397,臺中市和平區天輪區東關路二段33號,1,和平分局,,,,,臺中市政府警察局和平分局天輪派出所,和平區,臺中市和平區天倫里東關路二段天輪巷1-1號,臺中市和平區天輪里2鄰東關路二段天輪巷83之3號,120.928673,24.186667,0.8446,,0
371,367,臺中市梧棲區中興路210號,1,清水分局,,,,,臺中市政府警察局清水分局安寧派出所,梧棲區,臺中市梧棲區中興路210號,臺中市梧棲區中正里24鄰中興路210號,120.53386,24.254859,0.9308,OK,0
372,368,臺中市大甲區文武路1號,2,大甲分局,,,,,臺中市政府警察局大甲分局大甲派出所,大甲區,臺中市大甲區文武路1號,臺中市大甲區大甲里13鄰文武路1號,120.6267,24.345389,0.9217,OK,1
372,398,臺中市和平區博愛里東關路一段125號,1,和平分局,,,,,臺中市政府警察局和平分局谷關派出所,和平區,臺中市和平區博愛里東關路一段125號,臺中市和平區博愛里2鄰東關路一段125號,121.006564,24.202966,0.9644,OK,1
373,399,臺中市和平區梨山里和平路二段16-1號,1,和平分局,,,,,臺中市政府警察局和平分局德基派出所,和平區,臺中市和平區梨山里和平路二段16-1號,臺中市和平區梨山里33鄰和平路二段16之1號,121.20945,24.256857,0.9529,OK,1
373,369,臺中市大甲區孟春里中山路二段165號,1,大甲分局,,,,,臺中市政府警察局大甲分局日南派出所,大甲區,臺中市大甲區孟春里中山路二段165號,臺中市大甲區孟春里6鄰中山路二段165號,120.653483,24.379269,0.9714,OK,1
374,370,臺中市大甲區順帆路94號,1,大甲分局,,,,,臺中市政府警察局大甲分局西岐派出所,大甲區,臺中市大甲區順帆路94號,臺中市大甲區西岐里6鄰順帆路94號,120.628829,24.420013,0.9091,OK,1
374,400,臺中市和平區梨山里中正路103號,1,和平分局,,,,,臺中市政府警察局和平分局梨山分駐所,和平區,臺中市和平區梨山里中正路103號,臺中市和平區梨山里25鄰中正路103號,121.246707,24.254336,0.9630,OK,1
375,371,臺中市大甲區工二路2號,1,大甲分局,,,,,臺中市政府警察局大甲分局大甲交通分隊,大甲區,臺中市大甲區工二路2號,臺中市大甲區日南里5鄰工二路2號,120.647864,24.405473,0.9000,OK,1
375,401,臺中市和平區平等里中興路三段48號,1,和平分局,,,,,臺中市政府警察局和平分局環山派出所,和平區,臺中市和平區平等里中興路三段48號,臺中市和平區平等里10鄰中興路三段48號,121.295499,24.313941,0.9704,OK,1
376,372,臺中市大安區中庄里中山南路300號,1,大甲分局,,,,,臺中市政府警察局大甲分局大安分駐所,大安區,臺中市大安區中庄里中山南路300號,臺中市大安區中庄里12鄰中山南路300號,120.587832,24.346267,0.9692,OK,1
376,402,臺中市和平區平等里中興路一段21號,1,和平分局,,,,,臺中市政府警察局和平分局勝光派出所,和平區,臺中市和平區平等里中興路一段21號,臺中市和平區平等里1鄰中興路一段21號,121.338722,24.368594,0.9769,OK,1
377,403,臺中市和平區達觀里東崎路二段37號,1,和平分局,,,,,臺中市政府警察局和平分局雙崎派出所,和平區,臺中市和平區達觀里東崎路二段37號,臺中市和平區達觀里3鄰東崎路一段37號,120.919897,24.327907,0.8991,OK,1
377,373,臺中市大安區大安港路1160號,1,大甲分局,,,,,臺中市政府警察局大甲分局海墘派出所,大安區,臺中市大安區大安港路1160號,臺中市大安區海墘里3鄰大安港路1160號,120.586851,24.379445,0.9056,OK,1
378,374,臺中市外埔區大同里六分路350號,1,大甲分局,,,,,臺中市政府警察局大甲分局外埔分駐所,外埔區,臺中市外埔區大同里六分路350號,臺中市外埔區大同里1鄰六分路350號,120.655429,24.332294,0.9750,OK,1
378,404,臺中市和平區達觀里東崎路一段89號,1,和平分局,,,,,臺中市政府警察局和平分局竹林派出所,和平區,臺中市和平區達觀里東崎路一段89號,臺中市和平區達觀里5鄰東崎路一段89號,120.924565,24.305147,0.9750,OK,1
379,375,臺中市外埔區土城里土城路110號,1,大甲分局,,,,,臺中市政府警察局大甲分局安定派出所,外埔區,臺中市外埔區土城里土城路110號,臺中市外埔區土城里11鄰土城路110號,120.704096,24.345273,0.9765,OK,1
379,405,臺中市和平區達觀里東崎路一段桃山巷7-2號,1,和平分局,,,,,臺中市政府警察局和平分局桃山派出所,和平區,臺中市和平區達觀里東崎路一段桃山巷7-2號,臺中市和平區達觀里1鄰東崎路一段桃山巷7之2號,120.935857,24.339874,0.9783,OK,1
380,406,臺中市和平區中坑里雪山路2號,1,和平分局,,,,,臺中市政府警察局和平分局大棟派出所,和平區,臺中市和平區中坑里雪山路2號,臺中市和平區中坑里10鄰雪山路2號,120.907215,24.240995,0.9652,OK,1
380,376,臺中市后里區眉山里三月路19號,1,大甲分局,,,,,臺中市政府警察局大甲分局月眉派出所,后里區,臺中市后里區眉山里三月路19號,臺中市后里區眉山里7鄰三月路19號,120.692182,24.313405,0.9771,OK,1
381,407,臺中市和平區中坑里雪山路10號,1,和平分局,,,,,臺中市政府警察局和平分局雪山派出所,和平區,臺中市和平區中坑里雪山路10號,臺中市和平區中坑里10鄰雪山路2之8號,120.906849,24.240648,0.9376,medium,1
381,377,臺中市后里區墩西里公安路88號,1,大甲分局,,,,,臺中市政府警察局大甲分局后里分駐所,后里區,臺中市后里區墩西里公安路88號,臺中市后里區墩西里3鄰公安路88號,120.710155,24.305351,0.9742,OK,1
382,408,臺中市北區雙十路2段30號,2,孔廟及忠烈祠各1台,,,,,臺中市孔廟忠烈祠聯合管理所,北區,臺中市北區雙十路一段65號,臺中市北區新興里3鄰雙十路一段65號,120.685634,24.144098,0.5187,,0
382,378,臺中市后里區三豐路209號,1,大甲分局,,,,,臺中市政府警察局大甲分局義里派出所,后里區,臺中市后里區三豐路209號,臺中市后里區墩東里23鄰三豐路209號,120.721737,24.30483,0.9152,OK,1
383,409,臺中市大甲區鎮政路38號,3,,,,,,臺中市大甲地政事務所,大甲區,臺中市大甲區鎮政路38號,臺中市大甲區大甲里13鄰鎮政路38號,120.625414,24.345542,0.9250,OK,1
383,379,臺中市后里區泰安里安眉路1號,1,大甲分局,,,,,臺中市政府警察局大甲分局泰安派出所,后里區,臺中市后里區泰安里安眉路1號,臺中市后里區泰安里2鄰安眉路1號,120.751767,24.324186,0.9692,OK,1
384,410,台中市西區民權路100號,1,,,,,,臺中市公共運輸處,西區,臺中市西區民權路101號,臺中市西區三民里1鄰民權路101號,120.677259,24.13943,0.6383,medium,0
384,380,臺中市太平區中山路一段215號,1,太平分局,,,,,臺中市政府警察局太平分局坪林派出所,太平區,臺中市太平區中山路一段215號,臺中市太平區勤益里4鄰中山路一段215號,120.732368,24.142224,0.9214,OK,1
385,381,臺中市太平區中興東路21號,1,太平分局,,,,,臺中市政府警察局太平分局太平派出所,太平區,臺中市太平區中興東路21號,臺中市太平區永平里5鄰中興東路21號,120.719393,24.129874,0.9097,OK,1
385,411,臺中市北屯區后庄路1062號,1,1樓，原則上周一到周五8:00-17:00，依政府行政機關辦公日曆表上班日開放。,yes,1,,,臺中市北屯區四民衛生所,北屯區,臺中市北屯區后庄路1062號,臺中市北屯區仁和里2鄰后庄路1062號,120.68067,24.192695,0.9333,OK,1
386,412,臺中市北區崇德路一段50號,5,,,,,,臺中市生命禮儀管理處,北區,臺中市北區崇德路一段50號,臺中市北區五常里15鄰崇德路一段50號,120.684712,24.156225,0.9286,OK,1
386,382,臺中市太平區新平路三段72號,1,太平分局,,,,,臺中市政府警察局太平分局新平派出所,太平區,臺中市太平區新平路三段72號,臺中市太平區新吉里7鄰新平路三段72號,120.72032,24.150468,0.9312,OK,1
387,413,臺中市西屯區福順路1177號,3,,,,,,東海火化場,西屯區,臺中市西屯區福順路1177號,臺中市西屯區福安里7鄰福順路137之1號,120.62326,24.180935,0.6232,,1
387,383,臺中市太平區光興路900號,1,太平分局,,,,,臺中市政府警察局太平分局宏龍派出所,太平區,臺中市太平區光興路900號,臺中市太平區光隆里8鄰光興路900號,120.730155,24.109494,0.9059,OK,1
388,414,臺中市大甲區中山路一段1158巷51號,4,,,,,,大甲殯儀館,大甲區,臺中市大甲區中山路一段1158巷51號,臺中市大甲區頂店里4鄰中山路一段1158巷49號,120.636373,24.353168,0.6763,medium,1
388,384,臺中市太平區長龍路一段11巷2號,1,太平分局,,,,,臺中市政府警察局太平分局頭汴派出所,太平區,臺中市太平區長龍路一段11巷2號,臺中市太平區聖和里2鄰長龍路一段166巷11號,120.740996,24.130554,0.7465,,1
389,415,臺中市西屯區西平北巷1-12號,1,,,,,,13公墓,西屯區,臺中市和平區達觀里東崎路一段桃山巷7-2號,臺中市和平區達觀里1鄰東崎路一段桃山巷7之2號,120.935857,24.339874,0.4507,,0
389,385,臺中市東勢區北興里豐勢路512號,1,東勢分局,,,,,臺中市政府警察局東勢分局東勢派出所,東勢區,臺中市東勢區北興里豐勢路512號,臺中市東勢區北興里2鄰豐勢路512號,120.827933,24.258415,0.9680,OK,1
390,416,臺中市沙鹿區中山路24之52號,1,,,,,,沙鹿納骨塔,沙鹿區,臺中市沙鹿區中山路24之52號,臺中市沙鹿區犁分里3鄰中山路24之52號,120.589586,24.24599,0.9105,OK,1
390,386,臺中市東勢區泰興里石城街297號 ,1,東勢分局,,,,,臺中市政府警察局東勢分局石城派出所,東勢區,臺中市東勢區泰興里石城街297號,臺中市東勢區泰興里2鄰石城街297號,120.789166,24.285134,0.9758,OK,1
391,417,臺中市清水區頂湳路101號,1,,,,,,清水納骨塔,清水區,臺中市清水區頂湳路101號,臺中市清水區頂湳里10鄰頂湳路101號,120.600037,24.302417,0.8699,OK,1
391,387,臺中市東勢區隆興里東坑路665號,1,東勢分局,,,,,臺中市政府警察局東勢分局中坑派出所,東勢區,臺中市東勢區隆興里東坑路665號,臺中市東勢區隆興里5鄰東坑路665號,120.854287,24.236294,0.9714,OK,1
392,418,臺中市東勢區勢林街62-5號,1,,,,,,東勢區第一公墓納骨堂,東勢區,臺中市東勢區勢林街62-5號,臺中市東勢區東新里8鄰勢林街62之5號,120.83638,24.265336,0.9333,OK,1
392,388,臺中市東勢區下城里下城街36號,1,東勢分局,,,,,臺中市政府警察局東勢分局茅埔派出所,東勢區,臺中市東勢區下城里下城街36號,臺中市東勢區下城里2鄰下城街36號,120.838182,24.219417,0.9778,OK,1
393,419,臺中市大雅區大楓里民生路4段376巷99號,2,,,,,,大雅區生命藝術館,大雅區,臺中市大雅區大楓里民生路4段376巷99號,臺中市大雅區大楓里13鄰民生路四段376巷99號,120.673171,24.235526,0.6785,OK,1
393,389,臺中市石岡區九房里豐勢路1021號,1,東勢分局,,,,,臺中市政府警察局東勢分局石岡分駐所,東勢區,臺中市石岡區九房里豐勢路1021號,臺中市石岡區九房里1鄰豐勢路1021號,120.78097,24.274787,0.9806,OK,1
394,420,臺中市大雅區橫山里永和路87-3號,1,,,,,,大雅區橫山第四公墓納骨塔 ,大雅區,臺中市大雅區橫山里永和路87-3號,臺中市大雅區橫山里10鄰永和路87之4號,120.629882,24.212948,0.8171,medium,1
394,390,臺中市石岡區和盛里豐勢路19號,1,東勢分局,,,,,臺中市政府警察局東勢分局土牛派出所,東勢區,臺中市石岡區和盛里豐勢路19號,臺中市石岡區和盛里13鄰豐勢路19號,120.816174,24.260082,0.9688,OK,1
395,421,臺中市后里區仁里里內東路廣益巷80號,1,,,,,,后里區第一公墓納骨堂,后里區,臺中市后里區仁里里內東路廣益巷80號,臺中市后里區仁里里5鄰內東路廣益巷78號,120.740744,24.305494,0.7978,medium,1
395,391,臺中市新社區復盛里興社街二段28之3號,1,東勢分局,,,,,臺中市政府警察局東勢分局新社派出所,東勢區,臺中市新社區復盛里興社街二段28之3號,臺中市新社區復盛里11鄰興社街二段28之3號,120.809929,24.234137,0.9800,OK,1
396,422,臺中市神岡區神清路344號,1,,,,,,神岡區陟岵堂,神岡區,臺中市神岡區神清路344號,臺中市神岡區圳堵里12鄰神清路344號,120.648633,24.270063,0.9029,OK,1
396,392,臺中市新社區永源里中和街一段20號,1,東勢分局,,,,,臺中市政府警察局東勢分局永源派出所,東勢區,臺中市新社區永源里中和街一段20號,臺中市新社區永源里6鄰中和街一段20號,120.792331,24.219497,0.9784,OK,1
397,423,臺中市神岡區神清路344-1號,1,,,,,,神岡區崇本堂,神岡區,臺中市神岡區神清路344-1號,臺中市神岡區圳堵里12鄰神清路344之1號,120.651196,24.270748,0.9026,OK,1
397,393,臺中市新社區東興里興社街一段285號,1,東勢分局,,,,,臺中市政府警察局東勢分局東興派出所,東勢區,臺中市新社區東興里興社街一段285號,臺中市新社區東興里10鄰興社街一段285號,120.82112,24.20691,0.9733,OK,1
398,394,臺中市新社區福興里美林45號,1,東勢分局,,,,,臺中市政府警察局東勢分局福中派出所,東勢區,臺中市新社區福興里美林45號,臺中市新社區福興里5鄰美林53之1號,120.865671,24.15757,0.7865,medium,1
398,424,臺中市豐原區南陽路58巷400號,1,,,,,,豐原區第十二公墓觀音山納骨堂,豐原區,臺中市豐原區南陽路58巷400號,臺中市豐原區北陽里18鄰南陽路58巷400號,120.745202,24.244947,0.9297,OK,1
399,425,臺中市新社區興社街2段28-2號,1,,,,,,臺中市新社區戶政事務所,新社區,臺中市新社區興社街2段28-2號,臺中市新社區復盛里11鄰興社街二段28之2號,120.809044,24.233571,0.7309,OK,1
399,395,臺中市和平區東關路三段154號,4,和平分局,,,,,臺中市政府警察局和平分局,和平區,臺中市和平區東關路三段154號,臺中市和平區南勢里10鄰東關路三段154號,120.884083,24.175098,0.9385,OK,1
400,426,臺中市西屯區文心路二段99號,1,,,,,,臺中市政府地方稅務局文心分局,西屯區,臺中市西屯區文心路二段99號,臺中市西屯區惠來里3鄰文心路二段99號,120.646059,24.158627,0.9417,OK,1
401,427,臺中市大里區中興路二段633號,2,,,,,,臺中市政府地方稅務局大屯分局,大里區,臺中市大里區中興路二段633號,臺中市大里區大明里10鄰中興路二段633號,120.689382,24.115608,0.9200,OK,1
402,428,臺中市豐原區中山路291號,1,,,,,,臺中市政府地方稅務局豐原分局,豐原區,臺中市豐原區中山路291號,臺中市豐原區西勢里7鄰中山路291號,120.715085,24.247518,0.9250,OK,1
403,429,臺中市北屯區北平路三段38號,1,,,,,,臺中市政府地方稅務局東山分局,北屯區,臺中市北屯區北平路三段38號,臺中市北屯區平德里7鄰北平路三段38號,120.680974,24.170876,0.9200,OK,1
404,430,臺中市東區建中街141號,1,,,,,,臺中市政府地方稅務局大智分局,東區,臺中市東區建中街141號,臺中市東區東興里10鄰建中街141號,120.689603,24.129042,0.9333,OK,1
405,431,臺中市沙鹿區鎮政路8號,3,,,,,,臺中市政府地方稅務局沙鹿分局,沙鹿區,臺中市沙鹿區鎮政路8號,臺中市沙鹿區北勢里25鄰鎮政路8號,120.566245,24.233349,0.9200,OK,0
406,432,臺中市東勢區東蘭路25之2號,2,,,,,,臺中市政府地方稅務局東勢分局,東勢區,臺中市東勢區東蘭路25之2號,臺中市東勢區東新里12鄰東蘭路25之2號,120.826793,24.262536,0.9379,OK,1
407,433,臺中市西區五權路2之107號,1,18樓,yes,18,,,臺中市政府地方稅務局民權分局,西區,臺中市西區五權路2之107號,臺中市西區公民里30鄰五權路2之107號,120.665907,24.138766,0.9290,OK,1
408,434,臺中市太平區中政里中平路144號,3,,,,,,臺中市太平區公所,太平區,臺中市太平區中政里中平路144號,臺中市太平區中政里10鄰中平路144號,120.718563,24.126562,0.9765,OK,1
409,435,臺中市太平區興隆里光興路1266巷160號,1,,,,,,臺中市太平區古農莊文物館,太平區,臺中市太平區興隆里光興路1266巷160號,臺中市太平區興隆里8鄰光興路1266巷160號,120.742819,24.117078,0.9765,OK,1
410,436,臺中市太平區東平里中和街32號,1,,,,,,臺中市太平區東平(東和、成功)里活動中心,太平區,臺中市太平區東平里中和街32號,臺中市太平區東平里9鄰中和街30號,120.721818,24.134464,0.9318,medium,1
411,437,臺中市太平區豐年里大源路10巷40號,1,,,,,,臺中市太平區豐年(中山)里活動中心,太平區,臺中市太平區豐年里大源路10巷40號,臺中市太平區豐年里2鄰大源路10巷40之1號,120.724294,24.145286,0.9236,medium,1
412,438,臺中市太平區光隆里光明路36-6號,1,,,,,,臺中市太平區光隆(永隆)里活動中心,太平區,臺中市太平區光隆里光明路36-6號,臺中市太平區光隆里3鄰光明路36之6號,120.73147,24.110314,0.9707,OK,1
413,439,臺中市太平區興隆里興隆路76號,1,,,,,,臺中市太平區興隆里活動中心,太平區,臺中市太平區興隆里興隆路76號,臺中市太平區興隆里12鄰興隆路76號,120.732519,24.111664,0.9714,OK,1
414,440,臺中市太平區宜昌里十甲路599號,1,,,,,,臺中市太平區宜昌里活動中心,太平區,臺中市太平區宜昌里十甲路599號,臺中市太平區宜昌里14鄰十甲路601號,120.712929,24.144541,0.7451,medium,1
415,441,臺中市太平區太平里太平19街7巷1號,1,,,,,,臺中市太平區太平里活動中心,太平區,臺中市太平區太平里太平19街7巷1號,臺中市太平區太平里18鄰太平十五街7巷1號,120.716684,24.122505,0.7782,,1
416,442,臺中市梧棲區文昌路350號,1,,,,,,臺中市體育處臺中港區綜合體育館,梧棲區,臺中市梧棲區文昌路350號,臺中市梧棲區大村里7鄰文昌路350號,120.543469,24.244385,0.9125,OK,1
417,443,臺中市清水區中社里鎮政路101號,4,,,,,,臺中市清水區公所,清水區,臺中市清水區中社里鎮政路101號,臺中市清水區中社里3鄰鎮政路101號,120.559629,24.26832,0.9724,OK,1
418,444,臺中市大雅區雅環路二段301號,3,上班時間免費提供民眾飲水,,,,,臺中市大雅區公所,大雅區,臺中市大雅區雅環路二段301號,臺中市大雅區上雅里13鄰雅環路二段301號,120.64777,24.229098,0.9077,OK,1
419,445,臺中市豐原區市政路2號,9,,,,,,臺中市豐原區公所,豐原區,臺中市豐原區市政路2號,臺中市豐原區田心里4鄰市政路2號,120.71805,24.241249,0.9273,OK,0
420,446,臺中市豐原區水源路1-1號,1,,,,,,豐原漆藝館,豐原區,臺中市豐原區水源路1-1號,臺中市豐原區南嵩里7鄰水源路1號,120.747614,24.254985,0.7800,medium,1
421,447,臺中市豐原區自成街27號,4,,,,,,豐原區老人文康活動中心(豐原區老人會),豐原區,臺中市豐原區自成街27號,臺中市豐原區中陽里8鄰自成街51號,120.725671,24.251404,0.6066,,1
422,448,臺中市豐原區育仁路81號,2,僅於圖書館開館時間提供使用,,,,,臺中市立圖書館豐原分館藝文館,豐原區,臺中市豐原區育仁路81號,臺中市豐原區田心里4鄰育仁路81號,120.717405,24.241135,0.9543,OK,1
423,449,臺中市豐原區市政路2號,2,僅於圖書館開館時間提供使用,,,,,臺中市立圖書館豐原分館兒少館,豐原區,臺中市豐原區市政路2號,臺中市豐原區田心里4鄰市政路2號,120.71805,24.241249,0.9273,OK,0
424,450,臺中市豐原區水源路17巷2號,1,僅於圖書館開館時間提供使用,,,,,臺中市立圖書館豐原南嵩分館,豐原區,臺中市豐原區水源路17巷2號,臺中市豐原區南嵩里4鄰水源路17巷6號,120.74481,24.25485,0.7650,medium,1
425,451,臺中市龍井區龍泉里觀光路2號,2,僅於圖書館開館時間提供使用,,,,,臺中市立圖書館龍井分館,龍井區,臺中市龍井區龍泉里觀光路2號,臺中市龍井區龍泉里9鄰觀光路2號,120.545106,24.192433,0.9615,OK,1
426,452,臺中市龍井區新庄里中沙路新庄仔巷19之1號,1,僅於圖書館開館時間提供使用，2樓,yes,2,,,臺中市立圖書館龍井山頂分館,龍井區,臺中市龍井區新庄里中沙路新庄仔巷19之1號,臺中市龍井區新庄里1鄰中沙路新庄仔巷19之1號,120.57616,24.182917,0.9842,OK,1
427,453,臺中市潭子區中山路二段399號,4,僅於圖書館開館時間提供使用,,,,,臺中市立圖書館潭子分館,潭子區,臺中市潭子區中山路二段399號,臺中市潭子區潭秀里8鄰中山路二段399號,120.70502,24.213537,0.9091,OK,1
428,454,臺中市南屯區大墩十二街361號,2,僅於圖書館開館時間提供使用,,,,,臺中市立圖書館南屯分館,南屯區,臺中市南屯區大墩十二街361號,臺中市南屯區惠中里16鄰大墩十二街361號,120.645075,24.14963,0.9056,OK,1
429,455,臺中市西區精誠路256號,3,僅於圖書館開館時間提供使用,,,,,臺中市立圖書館西區分館,西區,臺中市西區精誠路256號,臺中市西區公正里3鄰精誠路256號,120.654962,24.149327,0.9185,OK,1
430,456,臺中市太平區太平三街20號,1,僅於圖書館開館時間提供使用,,,,,臺中市立圖書館太平分館,太平區,臺中市太平區太平三街20號,臺中市太平區長億里3鄰太平三街30號,120.721443,24.118703,0.7404,medium,1
431,457,臺中市太平區中山路一段213號,2,僅於圖書館開館時間提供使用,,,,,臺中市立圖書館太平坪林分館,太平區,臺中市太平區中山路一段213號,臺中市太平區勤益里4鄰中山路一段213號,120.731354,24.14218,0.9214,OK,1
432,458,臺中市大肚區大德六街30號,3,僅於圖書館開館時間提供使用,,,,,臺中市立圖書館大肚分館,大肚區,臺中市大肚區大德六街30號,臺中市大肚區頂街里43鄰大德六街30號,120.540962,24.153804,0.9030,OK,1
433,459,臺中市大肚區中沙路1-2號,1,龍井分館興建中，目前仍用活動中心二樓營運，左列地址為活動中心之地址。,yes,2,,,臺中市立圖書館大肚山上分館,大肚區,臺中市大肚區中沙路1-2號,臺中市大肚區蔗?里10鄰中沙路1之2號,120.575372,24.172858,0.9161,OK,1
434,460,臺中市石岡區明德路175號,2,僅於圖書館開館時間提供使用,,,,,臺中市立圖書館石岡分館,石岡區,臺中市石岡區明德路175號,臺中市石岡區萬安里8鄰明德路175號,120.775767,24.273823,0.9267,OK,1
435,461,臺中市東勢區豐勢路518號,2,僅於圖書館開館時間提供使用,,,,,臺中市立圖書館東勢分館,東勢區,臺中市東勢區豐勢路518號,臺中市東勢區南平里5鄰豐勢路518號,120.827861,24.258601,0.9292,OK,1
436,462,臺中市烏日區興祥街121號,4,僅於圖書館開館時間提供使用,,,,,臺中市立圖書館烏日分館,烏日區,臺中市烏日區興祥街121號,臺中市烏日區九德里17鄰興祥街121號,120.637366,24.10934,0.9152,OK,1
437,463,臺中市大甲區水源路167號,3,僅於圖書館開館時間提供使用,,,,,臺中市立圖書館大甲分館(臨時服務處),大甲區,臺中市大甲區水源路167號,臺中市大甲區中山里7鄰水源路167號,120.626859,24.3409,0.9383,OK,0
438,464,臺中市大安區興安路378號,4,僅於圖書館開館時間提供使用,,,,,臺中市立圖書館大安分館,大安區,臺中市大安區興安路378號,臺中市大安區中庄里12鄰興安路378號,120.588887,24.345485,0.9333,OK,1
439,465,臺中市東區建德街144號,2,僅於圖書館開館時間提供使用,,,,,臺中市立圖書館東區分館,東區,臺中市東區建德街144號,臺中市東區東興里10鄰建德街144號,120.689611,24.1294,0.9333,OK,1
440,466,臺中市北區永興街299號,1,僅於圖書館開館時間提供使用，6樓,yes,6,,,臺中市立圖書館北區分館,北區,臺中市北區永興街299號,臺中市北區賴厝里1鄰永興街299號,120.682185,24.165929,0.9250,OK,0
441,467,臺中市霧峰區大同路8號,2,僅於圖書館開館時間提供使用,,,,,臺中市立圖書館霧峰區分館,霧峰區,臺中市霧峰區本堂里大同路20號,臺中市霧峰區本堂里7鄰大同路26號,120.702023,24.061279,0.6820,,0
442,468,臺中市北屯區興安路一段162號,3,僅於圖書館開館時間提供使用,,,,,臺中市立圖書館大墩兒童館,北屯區,臺中市北屯區興安路一段162號,臺中市北屯區平昌里1鄰興安路一段162號,120.694577,24.169386,0.9125,OK,1
443,469,臺中市西區英才路600號,4,僅於圖書館開館時間提供使用,,,,,臺中市立圖書館大墩分館,西區,臺中市西區英才路600號,臺中市西區安龍里6鄰英才路600號,120.665695,24.141523,0.9032,OK,0
444,470,臺中市豐原區圓環東路782號,2,僅於圖書館開館時間提供使用,,,,,臺中市立圖書館葫蘆墩分館,豐原區,臺中市豐原區圓環東路782號,臺中市豐原區田心里24鄰圓環東路86之1號,120.715949,24.244272,0.6314,,0
445,471,臺中市北屯區大連路三段122號,3,僅於圖書館開館時間提供使用,,,,,臺中市立圖書館北屯分館,北屯區,臺中市北屯區大連路三段122號,臺中市北屯區平田里17鄰大連路三段122號,120.694214,24.174471,0.9111,OK,1
446,472,臺中市北屯區豐樂路二段158號,3,僅於圖書館開館時間提供使用,,,,,臺中市立圖書館北屯四張犁分館,北屯區,臺中市北屯區豐樂路二段158號,臺中市北屯區仁和里16鄰豐樂路二段158號,120.680172,24.194919,0.9286,OK,1
447,473,臺中市西屯區福星路666號,4,僅於圖書館開館時間提供使用,,,,,臺中市立圖書館西屯分館,西屯區,臺中市西屯區福星路666號,臺中市西屯區逢甲里8鄰福星路666號,120.648954,24.172841,0.9241,OK,1
448,474,臺中市西屯區安和路60號,2,僅於圖書館開館時間提供使用,,,,,臺中市立圖書館西屯協和分館,西屯區,臺中市西屯區安和路60號,臺中市西屯區協和里10鄰安和路60號,120.619929,24.168385,0.9241,OK,1
449,475,臺中市后里區敦東里文化路28號,3,僅於圖書館開館時間提供使用,,,,,臺中市立圖書館后里分館,后里區,臺中市后里區敦東里文化路28號,臺中市后里區墩東里5鄰文化路28號,120.715416,24.306886,0.7918,OK,1
450,476,臺中市大里區中興路一段163號,5,僅於圖書館開館時間提供使用,,,,,臺中市立圖書館大里分館,大里區,臺中市大里區中興路一段163號,臺中市大里區東湖里30鄰中興路一段163號,120.695662,24.087683,0.9286,OK,1
451,477,臺中市大里區德芳路一段229號,4,僅於圖書館開館時間提供使用,,,,,臺中市立圖書館大里德芳分館,大里區,臺中市大里區德芳路一段229號,臺中市大里區長榮里16鄰德芳路一段229之10號,120.686006,24.107922,0.8743,medium,1
452,478,臺中市大里區中興路一段163號,2,僅於圖書館開館時間提供使用,,,,,臺中市立圖書館大里大新分館,大里區,臺中市大里區中興路一段163號,臺中市大里區東湖里30鄰中興路一段163號,120.695662,24.087683,0.9286,OK,0
453,479,臺中市沙鹿區鎮南路二段488號,3,僅於圖書館開館時間提供使用,,,,,臺中市立圖書館沙鹿深波分館,沙鹿區,臺中市沙鹿區鎮南路二段488號,臺中市沙鹿區美仁里11鄰鎮南路二段488號,120.564105,24.233438,0.9143,OK,1
454,480,臺中市沙鹿區文昌街12號,3,僅於圖書館開館時間提供使用,,,,,臺中市立圖書館沙鹿文昌分館,沙鹿區,臺中市沙鹿區文昌街12號,臺中市沙鹿區洛泉里15鄰文昌街12號,120.562093,24.236303,0.9056,OK,1
455,481,臺中市外埔區甲后路440-1號,1,僅於圖書館開館時間提供使用,,,,,臺中市立圖書館外埔分館,外埔區,臺中市外埔區甲后路440-1號,臺中市外埔區大同里3鄰甲后路440之1號,120.652269,24.332987,0.9374,OK,1
456,482,臺中市清水區鎮政路50號,1,僅於圖書館開館時間提供使用,,,,,臺中市立圖書館清水分館,清水區,臺中市清水區鎮政路50號,臺中市清水區南社里10鄰鎮政路50號,120.5614,24.266628,0.9071,OK,1
457,483,臺中市中區成功路300號,1,僅於圖書館開館時間提供使用，7樓,yes,7,,,臺中市立圖書館中區分館,中區,臺中市中區成功路300號,臺中市中區柳川里12鄰成功路300號,120.679527,24.143929,0.9037,OK,0
458,484,臺中市梧棲區雲及街72號,3,僅於圖書館開館時間提供使用,,,,,臺中市立圖書館梧棲分館,梧棲區,臺中市梧棲區民生街15之77號,臺中市梧棲區安仁里10鄰民生街15之77號,120.533033,24.251865,0.4223,,0
459,485,臺中市梧棲區民生街15之77號,4,僅於圖書館開館時間提供使用,,,,,臺中市立圖書館梧棲親子分館,梧棲區,臺中市梧棲區民生街15之77號,臺中市梧棲區安仁里10鄰民生街15之77號,120.533033,24.251865,0.9412,OK,1
460,486,臺中市南區五權南路335號,5,僅於圖書館開館時間提供使用,,,,,臺中市立圖書館南區分館,南區,臺中市南區五權南路335號,臺中市南區平和里5鄰五權南路335號,120.669748,24.120119,0.9280,OK,0
461,487,臺中市神岡區中山路1460號,4,僅於圖書館開館時間提供使用,,,,,臺中市立圖書館神岡分館,神岡區,臺中市神岡區中山路1460號,臺中市神岡區神岡里2鄰中山路1460號,120.660956,24.259063,0.9280,OK,1
462,488,臺中市新社區興社街四段1巷1號,2,僅於圖書館開館時間提供使用,,,,,臺中市立圖書館新社分館,新社區,臺中市新社區興社街四段1巷1號,臺中市新社區新社里2鄰興社街四段1巷3號,120.809513,24.240398,0.8539,medium,1
463,489,臺中市大雅區雅潭路四段800號,2,僅於圖書館開館時間提供使用,,,,,臺中市立圖書館大雅分館,大雅區,臺中市大雅區雅潭路四段800號,臺中市大雅區二和里10鄰雅潭路四段800號,120.650267,24.221822,0.9179,OK,1
464,490,臺中市西區民權路99號,2,(大門入口處服務臺),yes,,,,臺中市政府環境保護局,西區,臺中市西區民權路99號,臺中市西區利民里15鄰民權路99號,120.67799,24.138377,0.8846,OK,1
,,,,,,,,,,,,,,,,,1
,,,,,,,,,,,,,,,,,1
,,,,,,,,,,,,,,,,,1
,,,,,,,,,,,,,,,,,1
,,,,,,,,,,,,,,,,,1
,,,,,,,,,,,,,,,,,1
,,,,,,,,,,,,,,,,,1
,,,,,,,,,,,,,,,,,1
,,,,,,,,,,,,,,,,,1
